,Country,Subject,Measure,2018,2019,2020,2021,2022
0,Australia,Total in millions,"National currency, current prices",1946613.0,1979471.0,2080419.0,2309051.0,2583085.0
1,Australia,Total in millions,"USD, current prices, current PPPs",1323863.624,1337588.806,1430866.404,1595112.956,1785955.318
2,Australia,Total in millions,As % of the USA (USA=100),6.447474,6.255976,6.794085,6.84155,7.014006
3,Australia,Total in millions,"USD, constant prices, 2015 PPPs",1209288.995,1208673.644,1235702.154,1280404.774,1326870.291
4,Australia,GDP per head of population,"National currency, current prices",77968.686165,78115.839654,81091.19753,89887.963687,99364.327726
5,Australia,GDP per head of population,"USD, current prices, current PPPs",53025.386877,52785.250551,55772.741071,62095.404331,68700.894288
6,Australia,GDP per head of population,As % of the USA (USA=100),84.909072,81.59689,87.857568,88.478786,89.969742
7,Australia,GDP per head of population,"USD, constant prices, 2015 PPPs",48436.270658,47697.873103,48165.570233,49844.277078,51041.1289
8,Australia,Total population; persons; thousands,Persons/Hours,24966.6,25340.2,25655.3,25688.1,25996.1
9,Austria,Total in millions,"National currency, current prices",385274.09,397169.54,381042.48,406148.67,447652.7
10,Austria,Total in millions,"USD, current prices, current PPPs",503361.417,530169.037,510568.008,537014.574,622665.496
11,Austria,Total in millions,As % of the USA (USA=100),2.451468,2.47963,2.424295,2.303293,2.445402
12,Austria,Total in millions,"USD, constant prices, 2015 PPPs",460379.033,467364.772,437201.197,457123.804,479966.017
13,Austria,GDP per head of population,"National currency, current prices",43594.349756,44738.204547,42732.881417,45372.034023,49444.303065
14,Austria,GDP per head of population,"USD, current prices, current PPPs",56956.110561,59719.611987,57258.818338,59991.43989,68774.881717
15,Austria,GDP per head of population,As % of the USA (USA=100),91.203305,92.316217,90.198553,85.480879,90.066635
16,Austria,GDP per head of population,"USD, constant prices, 2015 PPPs",52092.588383,52645.177089,49030.929325,51066.612598,53013.385613
17,Austria,Total population; persons; thousands,Persons/Hours,8837.707,8877.637,8916.845,8951.52,9053.676
18,Belgium,Total in millions,"National currency, current prices",460050.8,478676.1,459827.4,502521.1,549456.2
19,Belgium,Total in millions,"USD, current prices, current PPPs",600269.926,641140.355,629660.776,682137.395,769613.396
20,Belgium,Total in millions,As % of the USA (USA=100),2.923432,2.998649,2.989775,2.925735,3.022513
21,Belgium,Total in millions,"USD, constant prices, 2015 PPPs",545629.107,557968.882,528047.321,561240.014,579468.176
22,Belgium,GDP per head of population,"National currency, current prices",40259.980747,41663.861085,39832.588358,43350.681504,46990.18216
23,Belgium,GDP per head of population,"USD, current prices, current PPPs",52530.841516,55804.713639,54544.419265,58845.53097,65818.301206
24,Belgium,GDP per head of population,As % of the USA (USA=100),84.117161,86.264459,85.92262,83.848091,86.194738
25,Belgium,GDP per head of population,"USD, constant prices, 2015 PPPs",47749.112365,48565.487162,45742.144924,48416.150276,49556.843924
26,Belgium,Total population; persons; thousands,Persons/Hours,11427.0,11489.0,11544.0,11592.0,11693.0
27,Brazil,Total in millions,"National currency, current prices",7004141.0,7389131.0,7609597.0,8898727.5,9915316.4
28,Brazil,Total in millions,"USD, current prices, current PPPs",3145953.2,3241317.4,3213097.7,3522670.2,3918992.1
29,Brazil,Total in millions,As % of the USA (USA=100),15.321406,15.15982,15.256531,15.108977,15.39111
30,Brazil,Total in millions,"USD, constant prices, 2015 PPPs",3007268.4,3043980.5,2944236.6,3091120.1,3180779.0
31,Brazil,GDP per head of population,"National currency, current prices",33593.824118,35161.703973,35935.73768,41802.011046,91686.34580857061
32,Brazil,GDP per head of population,"USD, current prices, current PPPs",15088.873637,15424.038754,15173.607234,16547.837723,83926.94580547421
33,Brazil,GDP per head of population,As % of the USA (USA=100),24.161677,23.842903,23.902649,23.578759,78100.21502518281
34,Brazil,GDP per head of population,"USD, constant prices, 2015 PPPs",14423.70245,14484.997118,13903.931329,14520.619556,83544.0802920415
35,Brazil,Total population; persons; thousands,Persons/Hours,208494.9,210147.125,211755.692,212877.9759,164656.90436213464
36,BRIICS,Total in millions,"USD, current prices, current PPPs",41970509.543,44626502.157,44675492.666,15900246.224095762,15900246.224095762
37,BRIICS,Total in millions,As % of the USA (USA=100),204.404573,208.720604,212.129569,78174.74965778396,78174.74965778396
38,BRIICS,Total in millions,"USD, constant prices, 2015 PPPs",40909892.914,42901562.05,42511079.036,15496626.348734416,15496626.348734416
39,BRIICS,GDP per head of population,"USD, current prices, current PPPs",12313.411826,13002.130282,12940.134805,82723.21292110698,82723.21292110698
40,BRIICS,GDP per head of population,As % of the USA (USA=100),19.717355,20.09905,20.384309,78098.14543015893,78098.14543015893
41,BRIICS,GDP per head of population,"USD, constant prices, 2015 PPPs",12002.245497,12499.561294,12313.218291,82606.47111692799,82606.47111692799
42,BRIICS,Total population; persons; thousands,Persons/Hours,3408519.9243,3432245.4236,3452475.0583,1490294.185689127,1490294.185689127
43,Canada,Total in millions,"National currency, current prices",2235675.0,2313563.0,2209681.0,2509618.0,2785119.0
44,Canada,Total in millions,"USD, current prices, current PPPs",1852987.755,1873760.081,1794940.001,2026899.115,2221280.61
45,Canada,Total in millions,As % of the USA (USA=100),9.024412,8.763679,8.52279,8.693511,8.723665
46,Canada,Total in millions,"USD, constant prices, 2015 PPPs",1705881.639,1738092.499,1649895.471,1732584.947,1791427.035
47,Canada,GDP per head of population,"National currency, current prices",60317.548451,61528.91807,58138.536296,65651.266302,71541.895996
48,Canada,GDP per head of population,"USD, current prices, current PPPs",49992.811429,49832.414551,47226.357287,53023.40578,57058.469091
49,Canada,GDP per head of population,As % of the USA (USA=100),80.053037,77.032315,74.394639,75.552235,74.722983
50,Canada,GDP per head of population,"USD, constant prices, 2015 PPPs",46023.951787,46224.352209,43410.115635,45324.187086,46016.736312
51,Canada,Total population; persons; thousands,Persons/Hours,37065.084,37601.23,38007.166,38226.498,38929.902
52,Switzerland,Total in millions,"National currency, current prices",709521.556,716878.59,694661.736,731661.67,771223.973
53,Switzerland,Total in millions,"USD, current prices, current PPPs",601868.008,623154.669,611675.806,661282.472,723517.334
54,Switzerland,Total in millions,As % of the USA (USA=100),2.931215,2.914529,2.904378,2.836286,2.841479
55,Switzerland,Total in millions,"USD, constant prices, 2015 PPPs",575249.448,581818.695,567997.224,591976.456,604166.628
56,Switzerland,GDP per head of population,"National currency, current prices",83332.654791,83598.27201,80417.729387,84055.126141,87822.042112
57,Switzerland,GDP per head of population,"USD, current prices, current PPPs",70688.844498,72668.725569,70810.837693,75969.787509,82389.515886
58,Switzerland,GDP per head of population,As % of the USA (USA=100),113.193407,112.333312,111.54675,108.248181,107.896171
59,Switzerland,GDP per head of population,"USD, constant prices, 2015 PPPs",67562.519085,67848.36122,65754.373223,68007.738715,68798.622585
60,Switzerland,Total population; persons; thousands,Persons/Hours,8514.328,8575.28,8638.1665,8704.5455,8781.6675
61,Chile,Total in millions,"National currency, current prices",189434867.41,195752228.49,201428894.22,240371473.15,262593355.84
62,Chile,Total in millions,"USD, current prices, current PPPs",478093.905,487414.485,481373.694,552379.782,600128.539
63,Chile,Total in millions,As % of the USA (USA=100),2.328411,2.279664,2.285674,2.369195,2.356893
64,Chile,Total in millions,"USD, constant prices, 2015 PPPs",434896.92,438128.77,411204.675,459469.54,470682.451
65,Chile,GDP per head of population,"National currency, current prices",10102435.919,10244937.226,10351818.54,12215013.671,13243186.399
66,Chile,GDP per head of population,"USD, current prices, current PPPs",25496.431066,25509.445489,24738.720577,28070.413266,30265.861374
67,Chile,GDP per head of population,As % of the USA (USA=100),40.827204,39.433202,38.970361,39.9971,39.635754
68,Chile,GDP per head of population,"USD, constant prices, 2015 PPPs",23192.764488,22930.016074,21132.599645,23348.971652,23737.597677
69,Chile,Total population; persons; thousands,Persons/Hours,18751.405001,19107.216,19458.31,19678.363007,19828.563
70,China,Total in millions,"National currency, current prices",91928110.0,98651520.0,101356700.0,114923700.0,121020720.0
71,China,Total in millions,"USD, current prices, current PPPs",21736534.82,23441908.773,24255795.538,27445503.77,30090699.886
72,China,Total in millions,As % of the USA (USA=100),105.861167,109.639096,115.172125,117.71567,118.175605
73,China,Total in millions,"USD, constant prices, 2015 PPPs",21709334.096,23035800.532,23516062.84,25420863.93,26183489.848
74,China,GDP per head of population,"National currency, current prices",65410.172121,69961.647566,71776.265473,81356.151777,103925.06001416597
75,China,GDP per head of population,"USD, current prices, current PPPs",15466.329982,16624.523979,17176.865662,19429.069638,84250.8424519389
76,China,GDP per head of population,As % of the USA (USA=100),24.766094,25.698646,27.058337,27.684182,78100.78503645319
77,China,GDP per head of population,"USD, constant prices, 2015 PPPs",15446.975684,16336.520291,16653.020168,17995.79777,84209.48919670582
78,China,Total population; persons; thousands,Persons/Hours,1405410.0,1410080.0,1412120.0,1412600.0,658256.8421534137
79,Columbia,Total in millions,"National currency, current prices",987791000.0,1060068000.0,997742000.0,1192586000.0,1463873100.0
80,Columbia,Total in millions,"USD, current prices, current PPPs",747103.675,796590.015,769209.548,881190.92,1016560.673
81,Columbia,Total in millions,As % of the USA (USA=100),3.638541,3.725695,3.652385,3.779489,3.992352
82,Columbia,Total in millions,"USD, constant prices, 2015 PPPs",662368.976,683477.718,633909.869,703742.606,756493.596
83,Columbia,GDP per head of population,"National currency, current prices",20909567.561,21937218.89,20254208.853,23879719.568,28993786.79
84,Columbia,GDP per head of population,"USD, current prices, current PPPs",15814.696396,16484.762793,15614.989483,17644.507026,20134.220249
85,Columbia,GDP per head of population,As % of the USA (USA=100),25.32393,25.482599,24.597948,25.141386,26.367497
86,Columbia,GDP per head of population,"USD, constant prices, 2015 PPPs",14021.031629,14143.998598,12868.399727,14091.374609,14983.275552
87,Columbia,Total population; persons; thousands,Persons/Hours,47241.101333,48322.80725,49260.97125,49941.37375,50489.2
88,Costa Rica,Total in millions,"National currency, current prices",36014718.708,37832149.784,36495246.082,40112924.791,44251689.714
89,Costa Rica,Total in millions,"USD, current prices, current PPPs",106583.345,114952.28,111138.964,116703.599,127686.494
90,Costa Rica,Total in millions,As % of the USA (USA=100),0.519082,0.537638,0.527713,0.50055,0.501465
91,Costa Rica,Total in millions,"USD, constant prices, 2015 PPPs",94937.034,97232.148,93077.074,100319.213,104637.971
92,Costa Rica,GDP per head of population,"National currency, current prices",7201607.1233,7483752.4532,7143969.3584,7772241.0732,8485463.0324
93,Costa Rica,GDP per head of population,"USD, current prices, current PPPs",21312.71336,22739.241951,21755.528146,22612.375195,24484.466731
94,Costa Rica,GDP per head of population,As % of the USA (USA=100),34.127855,35.150945,34.271003,32.220025,32.064519
95,Costa Rica,GDP per head of population,"USD, constant prices, 2015 PPPs",18983.883391,19233.940717,18219.900837,19437.752589,20064.807478
96,Costa Rica,Total population; persons; thousands,Persons/Hours,5000.928,5055.238,5108.539,5161.05,5215.0
97,Czech Republic,Total in millions,"National currency, current prices",5410761.0,5791498.0,5709131.0,6108717.0,6795101.0
98,Czech Republic,Total in millions,"USD, current prices, current PPPs",437355.916,471832.671,458157.819,479378.76,534055.096
99,Czech Republic,Total in millions,As % of the USA (USA=100),2.130009,2.206787,2.175439,2.056089,2.097402
100,Czech Republic,Total in millions,"USD, constant prices, 2015 PPPs",397936.159,409993.142,387431.35,401195.709,411068.812
101,Czech Republic,GDP per head of population,"National currency, current prices",509179.56454,542817.70804,533555.91578,571051.48077,635626.4499
102,Czech Republic,GDP per head of population,"USD, current prices, current PPPs",41157.370443,44223.295778,42817.867498,44813.002591,49956.512011
103,Czech Republic,GDP per head of population,As % of the USA (USA=100),65.904925,68.361585,67.450042,63.853358,65.422358
104,Czech Republic,GDP per head of population,"USD, constant prices, 2015 PPPs",37447.774935,38427.283865,36208.012875,37504.340716,38452.145102
105,Czech Republic,Total population; persons; thousands,Persons/Hours,10626.43,10669.324,10700.155,10697.314,10690.4
106,Germany,Total in millions,"National currency, current prices",3365450.0,3473260.0,3405430.0,3601750.0,3867050.0
107,Germany,Total in millions,"USD, current prices, current PPPs",4576056.532,4769328.306,4697130.976,4891842.639,5371318.279
108,Germany,Total in millions,As % of the USA (USA=100),22.286288,22.306411,22.303064,20.981452,21.09485
109,Germany,Total in millions,"USD, constant prices, 2015 PPPs",4122426.809,4165984.532,4011976.886,4117371.008,4190874.653
110,Germany,GDP per head of population,"National currency, current prices",40593.563795,41799.670249,40949.844278,43292.345786,46147.833455
111,Germany,GDP per head of population,"USD, current prices, current PPPs",55195.722047,57397.473987,56482.377268,58799.012441,64099.171557
112,Germany,GDP per head of population,As % of the USA (USA=100),88.38441,88.726592,88.975443,83.781808,83.943389
113,Germany,GDP per head of population,"USD, constant prices, 2015 PPPs",49724.106928,50136.407784,48243.49017,49490.011635,50012.227801
114,Germany,Total population; persons; thousands,Persons/Hours,82906.0,83093.0,83161.0,83196.0,83797.0
115,Denmark,Total in millions,"National currency, current prices",2253316.249,2310954.835,2323919.331,2504177.717,2797938.09
116,Denmark,Total in millions,"USD, current prices, current PPPs",333035.355,348345.911,354736.865,380007.666,442725.025
117,Denmark,Total in millions,As % of the USA (USA=100),1.621947,1.629233,1.684373,1.629879,1.73872
118,Denmark,Total in millions,"USD, constant prices, 2015 PPPs",301804.658,306312.071,300202.347,314779.295,326800.772
119,Denmark,GDP per head of population,"National currency, current prices",388905.11719,397276.05897,398613.95043,427772.07328,473745.02032
120,Denmark,GDP per head of population,"USD, current prices, current PPPs",57479.35019,59884.117414,60846.803602,64914.189614,74961.907382
121,Denmark,GDP per head of population,As % of the USA (USA=100),92.041163,92.570514,95.850627,92.495229,98.169078
122,Denmark,GDP per head of population,"USD, constant prices, 2015 PPPs",52089.171212,52658.083376,51492.683877,53771.659549,55333.689807
123,Denmark,Total population; persons; thousands,Persons/Hours,5794.0,5817.0,5830.0,5854.0,5906.0
124,EA 19,Total in millions,"National currency, current prices",11599255.358,11986312.067,11456978.552,12317803.051,13331690.895
125,EA 19,Total in millions,"USD, current prices, current PPPs",16259659.385,17236523.768,16545622.944,17609958.027,19489769.59
126,EA 19,Total in millions,As % of the USA (USA=100),79.187715,80.616169,78.562443,75.530332,76.542431
127,EA 19,Total in millions,"USD, constant prices, 2015 PPPs",14824291.586,15058986.388,14141615.268,14897048.712,15411534.007
128,EA 19,GDP per head of population,"USD, current prices, current PPPs",47629.173366,50334.386634,48238.521807,51330.102584,56562.194567
129,EA 19,GDP per head of population,As % of the USA (USA=100),76.268164,77.808277,75.989079,73.139473,74.073068
130,EA 19,GDP per head of population,"USD, constant prices, 2015 PPPs",43424.572266,43975.50535,41229.672572,43422.422553,44726.551592
131,EA 19,Total population; persons; thousands,Persons/Hours,341380.25575,342440.326,342996.0605,343072.72225,344572.37275
132,Spain,Total in millions,"National currency, current prices",1203859.0,1245513.0,1117989.0,1206842.0,1327108.0
133,Spain,Total in millions,"USD, current prices, current PPPs",1905450.021,2031924.567,1799328.046,1928019.184,2225886.52
134,Spain,Total in millions,As % of the USA (USA=100),9.279913,9.503423,8.543626,8.269408,8.741754
135,Spain,Total in millions,"USD, constant prices, 2015 PPPs",1760131.709,1795052.128,1591754.606,1679613.014,1771181.142
136,Spain,GDP per head of population,"National currency, current prices",25762.669688,26441.004864,23608.337626,25497.625315,27871.617187
137,Spain,GDP per head of population,"USD, current prices, current PPPs",40776.768291,43135.741947,37996.030382,40734.338674,46747.557085
138,Spain,GDP per head of population,As % of the USA (USA=100),65.29547,66.680415,59.854308,58.041732,61.219955
139,Spain,GDP per head of population,"USD, constant prices, 2015 PPPs",37666.945902,38107.175154,33612.745883,35486.122712,37197.939248
140,Spain,Total population; persons; thousands,Persons/Hours,46728.814,47105.358,47355.685,47331.545,47615.034
141,Estonia,Total in millions,"National currency, current prices",25932.176,27764.725,27464.982,31444.913,36181.437
142,Estonia,Total in millions,"USD, current prices, current PPPs",48133.366,51758.554,52438.777,57864.708,63555.067
143,Estonia,Total in millions,As % of the USA (USA=100),0.234419,0.242078,0.248991,0.248186,0.249601
144,Estonia,Total in millions,"USD, constant prices, 2015 PPPs",43467.226,45092.772,44844.31,48437.894,47814.299
145,Estonia,GDP per head of population,"National currency, current prices",19658.499939,20957.356471,20667.626867,23641.582987,27167.401764
146,Estonia,GDP per head of population,"USD, current prices, current PPPs",36488.637613,39068.367023,39460.614844,43505.074928,47721.322935
147,Estonia,GDP per head of population,As % of the USA (USA=100),58.428925,60.392955,62.161436,61.989712,62.495185
148,Estonia,GDP per head of population,"USD, constant prices, 2015 PPPs",32951.359719,34036.904636,33745.715406,36417.60722,35902.119394
149,Estonia,Total population; persons; thousands,Persons/Hours,1319.133,1324.82,1328.889,1330.068,1331.796
158,Finland,Total in millions,"National currency, current prices",233462.0,239858.0,238038.0,250594.0,266679.0
159,Finland,Total in millions,"USD, current prices, current PPPs",273455.993,286082.927,289224.32,303129.453,332318.393
160,Finland,Total in millions,As % of the USA (USA=100),1.331784,1.338026,1.373304,1.300143,1.305118
161,Finland,Total in millions,"USD, constant prices, 2015 PPPs",249873.431,252933.753,246977.251,254501.369,259804.606
162,Finland,GDP per head of population,"National currency, current prices",42322.975962,43439.944943,43039.398268,45221.329965,47994.924771
163,Finland,GDP per head of population,"USD, current prices, current PPPs",49573.255683,51811.599355,52294.342488,54701.696833,59808.219891
164,Finland,GDP per head of population,As % of the USA (USA=100),79.381206,80.091793,82.378124,77.943606,78.324018
165,Finland,GDP per head of population,"USD, constant prices, 2015 PPPs",45298.109387,45808.054368,44655.694758,45926.440314,46757.721906
166,Finland,Total population; persons; thousands,Persons/Hours,5516.2,5521.6,5530.7,5541.5,5556.4
167,France,Total in millions,"National currency, current prices",2363306.0,2437635.0,2310469.0,2500870.0,2642713.0
168,France,Total in millions,"USD, current prices, current PPPs",3125379.86,3403158.941,3252531.255,3479874.481,3814783.882
169,France,Total in millions,As % of the USA (USA=100),15.22121,15.916761,15.44377,14.925423,14.981851
170,France,Total in millions,"USD, constant prices, 2015 PPPs",2863681.468,2916458.311,2689424.091,2872751.081,2946362.27
171,France,GDP per head of population,"National currency, current prices",35038.414209,35973.480712,33975.486736,36660.509844,38585.384728
172,France,GDP per head of population,"USD, current prices, current PPPs",46336.93398,50222.23283,47828.528542,51011.836947,55698.406804
173,France,GDP per head of population,As % of the USA (USA=100),74.198913,77.634907,75.343226,72.685981,72.941864
174,France,GDP per head of population,"USD, constant prices, 2015 PPPs",42456.989251,43039.73187,39548.027925,42111.952754,43018.86801
175,France,Total population; persons; thousands,Persons/Hours,67449.0,67762.0,68004.0,68217.0,68490.0
183,United Kingdom,Total in millions,"National currency, current prices",2157410.0,2238348.0,2109594.0,2270246.0,2491238.0
184,United Kingdom,Total in millions,"USD, current prices, current PPPs",3137072.362,3294277.295,3077151.591,3355086.227,3754153.095
185,United Kingdom,Total in millions,As % of the USA (USA=100),15.278155,15.407516,14.611027,14.390198,14.743735
186,United Kingdom,Total in millions,"USD, constant prices, 2015 PPPs",2952604.145,2999973.029,2669050.25,2871830.568,2989622.185
187,United Kingdom,GDP per head of population,"National currency, current prices",32473.508339,33509.70852,31448.457835,33617.834772,36748.801463
188,United Kingdom,GDP per head of population,"USD, current prices, current PPPs",47219.464778,49317.743237,45872.178277,49682.164147,55378.340709
189,United Kingdom,GDP per head of population,As % of the USA (USA=100),75.612102,76.236722,72.26143,70.791351,72.52271
190,United Kingdom,GDP per head of population,"USD, constant prices, 2015 PPPs",44442.834382,44911.79288,39788.468419,42526.107536,44100.576551
191,United Kingdom,Total population; persons; thousands,Persons/Hours,66436.0,66797.0,67081.0,67531.0,67791.0
192,Greece,Total in millions,"National currency, current prices",179557.686,183351.227,165405.918,181674.606,208030.156
193,Greece,Total in millions,"USD, current prices, current PPPs",317881.481,334040.54,304016.729,333014.632,393631.536
194,Greece,Total in millions,As % of the USA (USA=100),1.548145,1.562326,1.443542,1.428323,1.545914
195,Greece,Total in millions,"USD, constant prices, 2015 PPPs",296167.259,301748.048,274578.507,297737.633,315345.035
196,Greece,GDP per head of population,"National currency, current prices",16729.672641,17101.161062,15460.534332,17074.024692,19666.273524
197,Greece,GDP per head of population,"USD, current prices, current PPPs",29617.51866,31155.946809,28416.523018,31297.164611,37212.227321
198,Greece,GDP per head of population,As % of the USA (USA=100),47.426265,48.161718,44.763922,44.594848,48.732619
199,Greece,GDP per head of population,"USD, constant prices, 2015 PPPs",27594.370368,28144.027468,25664.924724,27981.784629,29811.359238
200,Greece,Total population; persons; thousands,Persons/Hours,10732.887,10721.566,10698.59,10640.409,10578.016
201,Hungary,Total in millions,"National currency, current prices",43386710.0,47674187.0,48425421.0,55255130.0,66615877.0
202,Hungary,Total in millions,"USD, current prices, current PPPs",311927.137,338526.704,333161.834,357064.87,413146.473
203,Hungary,Total in millions,As % of the USA (USA=100),1.519146,1.583308,1.581929,1.531476,1.622556
204,Hungary,Total in millions,"USD, constant prices, 2015 PPPs",296178.238,310585.017,296498.275,317846.152,332396.849
205,Hungary,GDP per head of population,"National currency, current prices",4438282.0265,4879080.8566,4966633.9458,5690602.5001,6879337.2997
206,Hungary,GDP per head of population,"USD, current prices, current PPPs",31908.863468,34645.565344,34169.922326,36773.313933,42665.113333
207,Hungary,GDP per head of population,As % of the USA (USA=100),51.095374,53.556067,53.827125,52.397729,55.873643
208,Hungary,GDP per head of population,"USD, constant prices, 2015 PPPs",30297.81586,31785.951815,30409.614766,32734.265709,34326.20187
209,Hungary,Total population; persons; thousands,Persons/Hours,9775.564,9771.141,9750.149,9709.891,9683.473
219,India,Total in millions,"National currency, current prices",186830700.0,197561400.0,192205900.0,227242900.0,265593100.0
220,India,Total in millions,"USD, current prices, current PPPs",8918222.4,9374997.1,8741197.4,9788502.2,11039016.9
221,India,Total in millions,As % of the USA (USA=100),43.433484,43.847377,41.505226,41.983565,43.353678
222,India,Total in millions,"USD, constant prices, 2015 PPPs",8637025.4,9033694.0,8490639.8,9249179.7,9869523.1
223,India,GDP per head of population,"National currency, current prices",140791.78598,147323.93736,141967.67362,166514.02104,128063.64142511153
224,India,GDP per head of population,"USD, current prices, current PPPs",6720.589601,6991.049292,6456.448317,7172.601922,80271.92906903758
225,India,GDP per head of population,As % of the USA (USA=100),10.761619,10.806956,10.170701,10.22013,78093.8876013693
226,India,GDP per head of population,"USD, constant prices, 2015 PPPs",6508.685305,6736.535421,6271.380743,6777.409121,80266.36238763976
227,India,Total population; persons; thousands,Persons/Hours,1327000.0,1341000.0,1353870.8856,1364707.2996,629143.7394193984
228,Ireland,Total in millions,"National currency, current prices",326631.278,356704.596,372836.398,426283.436,502583.5
229,Ireland,Total in millions,"USD, current prices, current PPPs",412301.576,442690.205,468339.713,536386.735,656439.507
230,Ireland,Total in millions,As % of the USA (USA=100),2.007989,2.070486,2.223785,2.3006,2.578044
231,Ireland,Total in millions,"USD, constant prices, 2015 PPPs",391936.202,413261.199,438819.492,498447.367,558109.426
232,Ireland,GDP per head of population,"National currency, current prices",67199.06671,72395.386969,74861.845992,84940.233865,98262.364826
233,Ireland,GDP per head of population,"USD, current prices, current PPPs",84824.335501,89846.694037,94037.963178,106879.15801,128343.44606
234,Ireland,GDP per head of population,As % of the USA (USA=100),135.828441,138.887488,148.135928,152.290467,168.076803
235,Ireland,GDP per head of population,"USD, constant prices, 2015 PPPs",80634.491422,83873.896654,88110.595973,99319.448861,109118.48883
236,Ireland,Total population; persons; thousands,Persons/Hours,4860.652,4927.173,4980.326,5018.628,5114.71
237,Iceland,Total in millions,"National currency, current prices",2844054.748,3023929.706,2918755.05,3244900.616,3766415.419
238,Iceland,Total in millions,"USD, current prices, current PPPs",20174.854,21492.457,19900.372,21678.937,25335.76
239,Iceland,Total in millions,As % of the USA (USA=100),0.098255,0.100521,0.094492,0.092982,0.099501
240,Iceland,Total in millions,"USD, constant prices, 2015 PPPs",18909.731,19251.082,17856.943,18630.756,19831.428
241,Iceland,GDP per head of population,"National currency, current prices",8063665.2906,8385828.3583,7963860.9823,8711142.5933,9906405.626
242,Iceland,GDP per head of population,"USD, current prices, current PPPs",57201.173802,59601.93289,54298.42292,58198.488591,66637.980011
243,Iceland,GDP per head of population,As % of the USA (USA=100),91.595722,92.134305,85.535108,82.92613,87.268178
244,Iceland,GDP per head of population,"USD, constant prices, 2015 PPPs",53614.207542,53386.250693,48722.900409,50015.452349,52160.515518
245,Iceland,Total population; persons; thousands,Persons/Hours,352.7,360.6,366.5,372.5,380.2
246,Israel,Total in millions,"National currency, current prices",1352532.998,1434617.176,1422635.448,1578038.07,1753831.084
247,Israel,Total in millions,"USD, current prices, current PPPs",357372.009,370643.668,370624.727,412651.502,469800.84
248,Israel,Total in millions,As % of the USA (USA=100),1.740471,1.733521,1.759812,1.769891,1.845055
249,Israel,Total in millions,"USD, constant prices, 2015 PPPs",340903.069,355071.307,348477.1,378488.192,402955.94
250,Israel,GDP per head of population,"National currency, current prices",152321.70889,158502.84508,154393.88648,168461.52541,183628.00586
251,Israel,GDP per head of population,"USD, current prices, current PPPs",40247.088389,40950.350291,40222.667097,44052.106732,49188.654591
252,Israel,GDP per head of population,As % of the USA (USA=100),64.447298,63.302176,63.36188,62.769169,64.416782
253,Israel,GDP per head of population,"USD, constant prices, 2015 PPPs",38392.363153,39229.847034,37819.058911,40405.04433,42189.921474
254,Israel,Total population; persons; thousands,Persons/Hours,8879.45,9051.05,9214.325,9367.35,9551.0
255,Italy,Total in millions,"National currency, current prices",1771391.2,1796648.5,1661019.9,1787675.4,1909153.6
256,Italy,Total in millions,"USD, current prices, current PPPs",2600326.872,2735577.365,2564455.924,2760717.633,3092145.9
257,Italy,Total in millions,As % of the USA (USA=100),12.664099,12.794446,12.17663,11.840909,12.143826
258,Italy,Total in millions,"USD, constant prices, 2015 PPPs",2329132.404,2340386.732,2130240.456,2279075.381,2362824.183
259,Italy,GDP per head of population,"National currency, current prices",29583.73471,30079.952653,27944.9973,30231.331976,32390.596794
260,Italy,GDP per head of population,"USD, current prices, current PPPs",43427.663151,45799.741918,43144.404153,46686.423752,52461.180219
261,Italy,GDP per head of population,As % of the USA (USA=100),69.540324,70.798499,67.964428,66.522767,68.702437
262,Italy,GDP per head of population,"USD, constant prices, 2015 PPPs",38898.485634,39183.358396,35839.163511,38541.384214,40087.547386
263,Italy,Total population; persons; thousands,Persons/Hours,59877.2,59729.1,59438.9,59133.2,58941.6
264,Japan,Total in millions,"National currency, current prices",556630100.0,557910800.0,539082400.0,549379300.0,556387200.0
265,Japan,Total in millions,"USD, current prices, current PPPs",5344060.937,5352898.847,5263052.866,5383426.681,5843526.324
266,Japan,Total in millions,As % of the USA (USA=100),26.02662,25.035802,24.990192,23.089891,22.949359
267,Japan,Total in millions,"USD, constant prices, 2015 PPPs",5361158.814,5339597.885,5111137.653,5220643.132,5274343.965
268,Japan,GDP per head of population,"National currency, current prices",4402221.5544,4422006.0888,4288356.2276,4377454.5426,4452985.6659
269,Japan,GDP per head of population,"USD, current prices, current PPPs",42264.585125,42427.125078,41867.153396,42895.146539,46768.040241
270,Japan,GDP per head of population,As % of the USA (USA=100),67.677898,65.585015,65.952403,61.120634,61.246779
271,Japan,GDP per head of population,"USD, constant prices, 2015 PPPs",42399.807138,42321.701532,40658.680351,41598.087138,42212.649884
272,Japan,Total population; persons; thousands,Persons/Hours,126443.0,126166.9,125708.4,125502.0,124947.0
273,Korea,Total in millions,"National currency, current prices",1898192600.0,1924498100.0,1940726200.0,2071658000.0,2150575800.0
274,Korea,Total in millions,"USD, current prices, current PPPs",2220442.286,2247126.568,2316806.899,2425556.12,2636923.276
275,Korea,Total in millions,As % of the USA (USA=100),10.813987,10.509934,11.000735,10.403378,10.356024
276,Korea,Total in millions,"USD, constant prices, 2015 PPPs",2113166.77,2160585.765,2145258.238,2234186.141,2291393.314
277,Korea,GDP per head of population,"National currency, current prices",36797375.206,37177592.968,37439736.862,40035906.851,41509695.227
278,Korea,GDP per head of population,"USD, current prices, current PPPs",43044.340138,43410.15296,44694.939791,46875.178665,50897.011639
279,Korea,GDP per head of population,As % of the USA (USA=100),68.926512,67.104607,70.406952,66.79172,66.654023
280,Korea,GDP per head of population,"USD, constant prices, 2015 PPPs",40964.752738,41738.351492,41385.489583,43176.85073,44227.707811
281,Korea,Total population; persons; thousands,Persons/Hours,51585.0,51765.0,51836.0,51745.0,51809.0
282,Lithuania,Total in millions,"National currency, current prices",45515.226,48916.359,49829.295,56153.489,66791.121
283,Lithuania,Total in millions,"USD, current prices, current PPPs",101910.429,111646.989,112288.658,122667.694,139482.646
284,Lithuania,Total in millions,As % of the USA (USA=100),0.496324,0.522179,0.533173,0.52613,0.547792
285,Lithuania,Total in millions,"USD, constant prices, 2015 PPPs",93124.797,97431.914,97410.408,103236.376,105185.267
286,Lithuania,GDP per head of population,"National currency, current prices",16246.484884,17506.786174,17828.746084,19994.975395,23576.110484
287,Lithuania,GDP per head of population,"USD, current prices, current PPPs",36376.535716,39957.592988,40176.485973,43679.165213,49234.961525
288,Lithuania,GDP per head of population,As % of the USA (USA=100),58.249418,61.767545,63.289132,62.23777,64.477425
289,Lithuania,GDP per head of population,"USD, constant prices, 2015 PPPs",33240.538161,34870.1277,34853.100575,36760.116508,37128.579951
290,Lithuania,Total population; persons; thousands,Persons/Hours,2801.543,2794.137,2794.885,2808.38,2833.0
291,Luxembourg,Total in millions,"National currency, current prices",60121.164,62373.588,64780.987,72295.028,78130.116
292,Luxembourg,Total in millions,"USD, current prices, current PPPs",70825.278,74115.971,75656.711,84175.446,93962.589
293,Luxembourg,Total in millions,As % of the USA (USA=100),0.344933,0.346644,0.359236,0.361034,0.369021
294,Luxembourg,Total in millions,"USD, constant prices, 2015 PPPs",66142.06,67676.506,67136.829,70562.456,71655.267
295,Luxembourg,GDP per head of population,"National currency, current prices",98752.581282,100359.75543,102649.68911,112778.06932,119232.56038
296,Luxembourg,GDP per head of population,"USD, current prices, current PPPs",116334.72403,119253.37249,119882.98145,131311.16408,143394.13071
297,Luxembourg,GDP per head of population,As % of the USA (USA=100),186.285741,184.345139,188.849016,187.103256,187.786972
298,Luxembourg,GDP per head of population,"USD, constant prices, 2015 PPPs",108642.26043,108892.20595,106382.67405,110075.30911,109351.44329
299,Luxembourg,Total population; persons; thousands,Persons/Hours,608.806,621.5,631.088,641.038,655.275
300,Latvia,Total in millions,"National currency, current prices",29153.556,30678.645,30294.045,33587.579,39080.733
301,Latvia,Total in millions,"USD, current prices, current PPPs",59505.492,63017.996,62750.162,65991.926,76741.786
302,Latvia,Total in millions,As % of the USA (USA=100),0.289803,0.294739,0.297952,0.283044,0.301389
303,Latvia,Total in millions,"USD, constant prices, 2015 PPPs",54313.549,55709.246,54481.98,56696.136,57816.557
304,Latvia,GDP per head of population,"National currency, current prices",15134.876574,16035.353034,15936.995459,17837.146637,20719.019735
305,Latvia,GDP per head of population,"USD, current prices, current PPPs",30891.884231,32938.73681,33011.406924,35045.921616,40685.382709
306,Latvia,GDP per head of population,As % of the USA (USA=100),49.466895,50.917604,52.002141,49.936394,53.281015
307,Latvia,GDP per head of population,"USD, constant prices, 2015 PPPs",28196.52122,29118.542454,28661.707866,30109.264248,30651.993797
308,Latvia,Total population; persons; thousands,Persons/Hours,1926.25,1913.188,1900.863,1883.013,1886.225
309,Mexico,Total in millions,"National currency, current prices",23524390.183,24445735.084,23430377.458,25803508.117,28463841.0
310,Mexico,Total in millions,"USD, current prices, current PPPs",2535949.668,2529761.704,2333740.769,2480684.356,2691313.29
311,Mexico,Total in millions,As % of the USA (USA=100),12.35057,11.831835,11.081141,10.639827,10.56963
312,Mexico,Total in millions,"USD, constant prices, 2015 PPPs",2388523.123,2383768.821,2193355.457,2296894.234,2367233.85
313,Mexico,GDP per head of population,"National currency, current prices",190733.59411,195628.34245,185391.37111,202197.74082,221367.2287
314,Mexico,GDP per head of population,"USD, current prices, current PPPs",20561.246897,20244.557476,18465.575374,19438.78213,20930.71573
315,Mexico,GDP per head of population,As % of the USA (USA=100),32.924539,31.294593,29.088413,27.698021,27.410576
316,Mexico,GDP per head of population,"USD, constant prices, 2015 PPPs",19365.926016,19076.241383,17354.785523,17998.592397,18410.305097
317,Mexico,Total population; persons; thousands,Persons/Hours,123336.3755,124960.089,126383.32258,127615.21475,128582.0
318,Netherlands,Total in millions,"National currency, current prices",773987.0,813055.0,796530.0,855470.0,941186.0
319,Netherlands,Total in millions,"USD, current prices, current PPPs",996447.288,1044307.685,1043402.526,1111051.53,1256312.118
320,Netherlands,Total in millions,As % of the USA (USA=100),4.852893,4.884284,4.954316,4.765377,4.933931
321,Netherlands,Total in millions,"USD, constant prices, 2015 PPPs",917047.953,934981.636,898647.464,942350.661,984551.385
322,Netherlands,GDP per head of population,"National currency, current prices",44915.68013,46875.468435,45667.354661,48791.992243,53165.339208
323,Netherlands,GDP per head of population,"USD, current prices, current PPPs",57825.399721,60207.995676,59821.266254,63369.162722,70966.057617
324,Netherlands,GDP per head of population,As % of the USA (USA=100),92.595289,93.071174,94.235121,90.293744,92.936168
325,Netherlands,GDP per head of population,"USD, constant prices, 2015 PPPs",53217.73172,53904.966042,51522.042426,53747.257229,55614.945772
326,Netherlands,Total population; persons; thousands,Persons/Hours,17232.0,17345.0,17442.0,17533.0,17703.0
327,Norway,Total in millions,"National currency, current prices",3576581.0,3596937.0,3461575.0,4211620.0,5569173.0
328,Norway,Total in millions,"USD, current prices, current PPPs",373182.531,373905.514,350366.117,442761.845,518561.227
329,Norway,Total in millions,As % of the USA (USA=100),1.817472,1.748777,1.663619,1.899036,2.036552
330,Norway,Total in millions,"USD, constant prices, 2015 PPPs",329378.271,333079.65,328822.32,341641.126,352848.86
331,Norway,GDP per head of population,"National currency, current prices",673302.14608,672576.10322,643535.04369,778775.88757,1020555.7999
332,Norway,GDP per head of population,"USD, current prices, current PPPs",70252.735505,69915.017577,65135.920617,81871.642936,95026.796225
333,Norway,GDP per head of population,As % of the USA (USA=100),112.49507,108.076555,102.607179,116.657644,124.445779
334,Norway,GDP per head of population,"USD, constant prices, 2015 PPPs",62006.451619,62281.161182,61130.752928,63173.285133,64659.860729
335,Norway,Total population; persons; thousands,Persons/Hours,5312.0,5348.0,5379.0,5408.0,5457.0
336,New Zealand,Total in millions,"National currency, current prices",306231.0,323244.0,327535.0,358013.0,386387.0
337,New Zealand,Total in millions,"USD, current prices, current PPPs",208311.966,228165.068,231699.786,245363.98,267895.314
338,New Zealand,Total in millions,As % of the USA (USA=100),1.01452,1.067141,1.100164,1.052383,1.052109
339,New Zealand,Total in millions,"USD, constant prices, 2015 PPPs",194589.24,199495.074,199521.629,208445.604,212941.734
340,New Zealand,GDP per head of population,"National currency, current prices",62214.253789,64486.294538,64259.088501,70010.559869,75348.478939
341,New Zealand,GDP per head of population,"USD, current prices, current PPPs",42320.906505,45518.307465,45457.178788,47981.692317,52241.675897
342,New Zealand,GDP per head of population,As % of the USA (USA=100),67.768085,70.36345,71.607691,68.368375,68.414977
343,New Zealand,GDP per head of population,"USD, constant prices, 2015 PPPs",39532.981187,39798.722021,39144.146475,40762.188631,41525.299142
344,New Zealand,Total population; persons; thousands,Persons/Hours,4922.2,5012.6,5097.1,5113.7,5128.0
345,OECD,Total in millions,"USD, current prices, current PPPs",61187779.896,63585201.749,62108741.864,67336651.413,74505104.704
346,OECD,Total in millions,As % of the USA (USA=100),297.99643,297.391484,294.906667,288.81157,292.604888
347,OECD,Total in millions,"USD, constant prices, 2015 PPPs",57633913.876,58583158.153,56126707.031,59302289.209,61036685.943
348,OECD,GDP per head of population,"USD, current prices, current PPPs",45196.514604,46666.969376,45370.746377,49046.753829,54014.670222
349,OECD,GDP per head of population,As % of the USA (USA=100),72.37277,72.139083,71.471536,69.885964,70.736866
350,OECD,GDP per head of population,"USD, constant prices, 2015 PPPs",42571.442119,42995.828782,41000.84003,43194.675103,44250.343326
351,OECD,Total population; persons; thousands,Persons/Hours,1353816.3381,1362531.1993,1368916.0268,1372907.4028,1379349.4323
352,Poland,Total in millions,"National currency, current prices",2126506.0,2288492.0,2337672.0,2631302.0,3078325.0
353,Poland,Total in millions,"USD, current prices, current PPPs",1216240.494,1327882.052,1338432.734,1443514.646,1649468.644
354,Poland,Total in millions,As % of the USA (USA=100),5.923329,6.210577,6.355188,6.191334,6.47798
355,Poland,Total in millions,"USD, constant prices, 2015 PPPs",1168478.202,1220475.907,1195820.875,1278751.385,1344405.98
356,Poland,GDP per head of population,"National currency, current prices",55359.019082,59617.881519,60949.887887,68950.841151,81379.041425
357,Poland,GDP per head of population,"USD, current prices, current PPPs",31662.210554,34592.873756,34896.8226,37825.969446,43605.589764
358,Poland,GDP per head of population,As % of the USA (USA=100),50.700411,53.474614,54.972195,53.897642,57.105278
359,Poland,GDP per head of population,"USD, constant prices, 2015 PPPs",30418.821805,31794.818606,31178.517886,33508.50021,35540.909403
360,Poland,Total population; persons; thousands,Persons/Hours,38413.0,38386.0,38354.0,38162.0,37827.0
361,Portugal,Total in millions,"National currency, current prices",205184.124,214374.62,200518.859,214741.009,239253.315
362,Portugal,Total in millions,"USD, current prices, current PPPs",359198.932,383670.579,359941.428,378292.824,435020.402
363,Portugal,Total in millions,As % of the USA (USA=100),1.749369,1.794448,1.709085,1.622524,1.708461
364,Portugal,Total in millions,"USD, constant prices, 2015 PPPs",333668.48,342620.006,314180.778,331469.383,353630.601
365,Portugal,GDP per head of population,"National currency, current prices",19952.16982,20840.790177,19473.333171,20872.959662,23287.033901
366,Portugal,GDP per head of population,"USD, current prices, current PPPs",34928.618993,37299.18231,34955.61158,36770.297823,42341.460761
367,Portugal,GDP per head of population,As % of the USA (USA=100),55.930882,57.658101,55.064804,52.393431,55.449792
368,Portugal,GDP per head of population,"USD, constant prices, 2015 PPPs",32446.029678,33308.381634,30511.578794,32219.030229,34419.618361
369,Portugal,Total population; persons; thousands,Persons/Hours,10283.8,10286.3,10297.1,10288.0,10274.1
370,Russia,Total in millions,"National currency, current prices",103861651.1,109241536.4,106967459.4,37981721.48185886,37981721.48185886
371,Russia,Total in millions,"USD, current prices, current PPPs",4231840.387,4398115.281,4367291.715,1704449.8822601158,1704449.8822601158
372,Russia,Total in millions,As % of the USA (USA=100),20.609889,20.570227,20.736911,78098.6677640075,78098.6677640075
373,Russia,Total in millions,"USD, constant prices, 2015 PPPs",3698563.251,3773754.402,3662380.6019,1472100.1861724975,1472100.1861724975
374,Russia,GDP per head of population,"National currency, current prices",707356.98894,744331.13957,730353.70757,337271.864115151,337271.864115151
375,Russia,GDP per head of population,"USD, current prices, current PPPs",28821.242895,29967.119348,29819.04697,89209.00962959079,89209.00962959079
376,Russia,GDP per head of population,As % of the USA (USA=100),46.151195,46.323996,46.973287,78109.49999726516,78109.49999726516
377,Russia,GDP per head of population,"USD, constant prices, 2015 PPPs",25189.321919,25712.956876,25006.046382,87619.33265091307,87619.33265091307
378,Russia,Total population; persons; thousands,Persons/Hours,146830.6,146764.7,146459.802,138608.28415341198,138608.28415341198
379,Slovakia,Total in millions,"National currency, current prices",89874.693,94428.28,93441.85,100323.453,109651.919
380,Slovakia,Total in millions,"USD, current prices, current PPPs",170864.165,182459.05,179715.845,188085.979,205495.401
381,Slovakia,Total in millions,As % of the USA (USA=100),0.832142,0.853371,0.853332,0.806714,0.807045
382,Slovakia,Total in millions,"USD, constant prices, 2015 PPPs",177952.934,182419.06,176333.114,184908.659,187994.235
383,Slovakia,GDP per head of population,"National currency, current prices",16502.848989,17315.982927,17112.295107,18439.569823,19934.665618
384,Slovakia,GDP per head of population,"USD, current prices, current PPPs",31374.187978,33458.809105,32911.91875,34570.426343,37358.964095
385,Slovakia,GDP per head of population,As % of the USA (USA=100),50.239203,51.721546,51.845419,49.258868,48.924783
386,Slovakia,GDP per head of population,"USD, constant prices, 2015 PPPs",32675.832305,33451.475855,32292.428756,33986.431153,34177.260617
387,Slovakia,Total population; persons; thousands,Persons/Hours,5446.01075,5453.244,5460.5095,5440.66125,5500.56475
397,Sweden,Total in millions,"National currency, current prices",4828306.0,5049619.0,5038538.0,5462040.0,5926336.0
398,Sweden,Total in millions,"USD, current prices, current PPPs",544594.071,579773.396,581247.942,626269.585,683843.355
399,Sweden,Total in millions,As % of the USA (USA=100),2.652279,2.711632,2.7599,2.686114,2.685667
400,Sweden,Total in millions,"USD, constant prices, 2015 PPPs",513568.914,523769.399,512402.486,539999.665,554267.627
401,Sweden,GDP per head of population,"National currency, current prices",474516.43152,491261.26204,486653.42405,524398.9414,565115.79497
402,Sweden,GDP per head of population,"USD, current prices, current PPPs",53521.635787,56404.29708,56140.551326,60126.822104,65209.039986
403,Sweden,GDP per head of population,As % of the USA (USA=100),85.703711,87.191312,88.436972,85.673783,85.396858
404,Sweden,GDP per head of population,"USD, constant prices, 2015 PPPs",50472.544286,50955.847554,49491.027815,51844.229021,52853.127237
405,Sweden,Total population; persons; thousands,Persons/Hours,10175.2135,10278.887,10353.442,10415.8105,10486.941
406,Turkey,Total in millions,"National currency, current prices",3758773.727,4311732.766,5048220.067,7248788.983,15006574.157
407,Turkey,Total in millions,"USD, current prices, current PPPs",2302309.895,2313147.025,2332603.593,2581588.441,2980221.766
408,Turkey,Total in millions,As % of the USA (USA=100),11.212699,10.818716,11.075741,11.072612,11.704265
409,Turkey,Total in millions,"USD, constant prices, 2015 PPPs",2313304.903,2331432.198,2376662.733,2646497.052,2793797.373
410,Turkey,GDP per head of population,"National currency, current prices",46172.610795,52213.429153,60541.105319,86144.35432,175964.14433
411,Turkey,GDP per head of population,"USD, current prices, current PPPs",28281.473276,28011.322794,27973.899298,30679.50659,34945.49572
412,Turkey,GDP per head of population,As % of the USA (USA=100),45.286867,43.300672,44.066666,43.714757,45.764138
413,Turkey,GDP per head of population,"USD, constant prices, 2015 PPPs",28416.53547,28232.749222,28502.281382,31450.878249,32759.519864
414,Turkey,Total population; persons; thousands,Persons/Hours,81407.0,82579.0,83385.0,84147.0,85282.0
415,United States of America,Total in millions,"National currency, current prices",20533058.0,21380976.0,21060474.0,23315081.0,25462700.0
416,United States of America,Total in millions,"USD, current prices, current PPPs",20533058.0,21380976.0,21060474.0,23315081.0,25462700.0
417,United States of America,Total in millions,As % of the USA (USA=100),100.0,100.0,100.0,100.0,100.0
418,United States of America,Total in millions,"USD, constant prices, 2015 PPPs",19481975.555,19928973.472,19377383.256,20529462.623,20952693.656
419,United States of America,GDP per head of population,"National currency, current prices",62449.612827,64690.272395,63480.861222,70181.12175,76359.99952
420,United States of America,GDP per head of population,"USD, current prices, current PPPs",62449.612827,64690.272395,63480.861222,70181.12175,76359.99952
421,United States of America,GDP per head of population,As % of the USA (USA=100),100.0,100.0,100.0,100.0,100.0
422,United States of America,GDP per head of population,"USD, constant prices, 2015 PPPs",59252.831727,60297.094129,58407.658694,61796.084509,62834.957704
423,United States of America,Total population; persons; thousands,Persons/Hours,328794.0,330513.0,331761.0,332213.0,333456.0
424,South Africa,Total in millions,"National currency, current prices",5348608.933,5613665.086,5556916.077,6192497.252,6638345.649
425,South Africa,Total in millions,"USD, current prices, current PPPs",821364.184,838593.092,794871.547,868576.995,950909.886
426,South Africa,Total in millions,As % of the USA (USA=100),4.000204,3.922146,3.774234,3.725387,3.734521
427,South Africa,Total in millions,"USD, constant prices, 2015 PPPs",784554.669,786935.425,737024.273,773234.988,789026.761
428,South Africa,GDP per head of population,"National currency, current prices",94460.299401,97898.479142,95702.010681,105330.72125,113321.39419117213
429,South Africa,GDP per head of population,"USD, current prices, current PPPs",14505.885121,14624.489895,13689.392502,14773.981742,83254.58353650973
430,South Africa,GDP per head of population,As % of the USA (USA=100),23.228143,22.606938,21.564598,21.051219,78099.10736197558
431,South Africa,GDP per head of population,"USD, constant prices, 2015 PPPs",13855.802482,13723.615519,12693.138401,13152.270508,83056.60823563857
432,South Africa,Total population; persons; thousands,Persons/Hours,56622.824265,57341.698617,58064.778759,58790.98879,101673.38162851869
