"LOCATION","Country","INDICATOR","Indicator","MEASURE","Measure","INEQUALITY","Inequality","Unit Code","Unit","PowerCode Code","PowerCode","Reference Period Code","Reference Period","Value","Flag Codes","Flags"
"AUS","Australia","PS_FSAFEN","Feeling safe walking alone at night","L","Value","WMN","Women","PC","Percentage","0","Units",,,54,,
"AUT","Austria","PS_FSAFEN","Feeling safe walking alone at night","L","Value","WMN","Women","PC","Percentage","0","Units",,,82,,
"BEL","Belgium","PS_FSAFEN","Feeling safe walking alone at night","L","Value","WMN","Women","PC","Percentage","0","Units",,,47,,
"CAN","Canada","PS_FSAFEN","Feeling safe walking alone at night","L","Value","WMN","Women","PC","Percentage","0","Units",,,67,,
"CZE","Czech Republic","PS_FSAFEN","Feeling safe walking alone at night","L","Value","WMN","Women","PC","Percentage","0","Units",,,67,,
"DNK","Denmark","PS_FSAFEN","Feeling safe walking alone at night","L","Value","WMN","Women","PC","Percentage","0","Units",,,77,,
"FIN","Finland","PS_FSAFEN","Feeling safe walking alone at night","L","Value","WMN","Women","PC","Percentage","0","Units",,,80,,
"FRA","France","PS_FSAFEN","Feeling safe walking alone at night","L","Value","WMN","Women","PC","Percentage","0","Units",,,70,,
"DEU","Germany","PS_FSAFEN","Feeling safe walking alone at night","L","Value","WMN","Women","PC","Percentage","0","Units",,,69,,
"GRC","Greece","PS_FSAFEN","Feeling safe walking alone at night","L","Value","WMN","Women","PC","Percentage","0","Units",,,59,,
"HUN","Hungary","PS_FSAFEN","Feeling safe walking alone at night","L","Value","WMN","Women","PC","Percentage","0","Units",,,65,,
"ISL","Iceland","PS_FSAFEN","Feeling safe walking alone at night","L","Value","WMN","Women","PC","Percentage","0","Units",,,78,,
"IRL","Ireland","PS_FSAFEN","Feeling safe walking alone at night","L","Value","WMN","Women","PC","Percentage","0","Units",,,67,,
"ITA","Italy","PS_FSAFEN","Feeling safe walking alone at night","L","Value","WMN","Women","PC","Percentage","0","Units",,,67,,
"JPN","Japan","PS_FSAFEN","Feeling safe walking alone at night","L","Value","WMN","Women","PC","Percentage","0","Units",,,69,,
"KOR","Korea","PS_FSAFEN","Feeling safe walking alone at night","L","Value","WMN","Women","PC","Percentage","0","Units",,,77,,
"LUX","Luxembourg","PS_FSAFEN","Feeling safe walking alone at night","L","Value","WMN","Women","PC","Percentage","0","Units",,,84,,
"MEX","Mexico","PS_FSAFEN","Feeling safe walking alone at night","L","Value","WMN","Women","PC","Percentage","0","Units",,,32,,
"NLD","Netherlands","PS_FSAFEN","Feeling safe walking alone at night","L","Value","WMN","Women","PC","Percentage","0","Units",,,72,,
"NZL","New Zealand","PS_FSAFEN","Feeling safe walking alone at night","L","Value","WMN","Women","PC","Percentage","0","Units",,,53,,
"NOR","Norway","PS_FSAFEN","Feeling safe walking alone at night","L","Value","WMN","Women","PC","Percentage","0","Units",,,89,,
"POL","Poland","PS_FSAFEN","Feeling safe walking alone at night","L","Value","WMN","Women","PC","Percentage","0","Units",,,63,,
"PRT","Portugal","PS_FSAFEN","Feeling safe walking alone at night","L","Value","WMN","Women","PC","Percentage","0","Units",,,75,,
"SVK","Slovak Republic","PS_FSAFEN","Feeling safe walking alone at night","L","Value","WMN","Women","PC","Percentage","0","Units",,,67,,
"ESP","Spain","PS_FSAFEN","Feeling safe walking alone at night","L","Value","WMN","Women","PC","Percentage","0","Units",,,75,,
"SWE","Sweden","PS_FSAFEN","Feeling safe walking alone at night","L","Value","WMN","Women","PC","Percentage","0","Units",,,68,,
"CHE","Switzerland","PS_FSAFEN","Feeling safe walking alone at night","L","Value","WMN","Women","PC","Percentage","0","Units",,,81,,
"TUR","Türkiye","PS_FSAFEN","Feeling safe walking alone at night","L","Value","WMN","Women","PC","Percentage","0","Units",,,45,,
"GBR","United Kingdom","PS_FSAFEN","Feeling safe walking alone at night","L","Value","WMN","Women","PC","Percentage","0","Units",,,77,,
"USA","United States","PS_FSAFEN","Feeling safe walking alone at night","L","Value","WMN","Women","PC","Percentage","0","Units",,,69,,
"BRA","Brazil","PS_FSAFEN","Feeling safe walking alone at night","L","Value","WMN","Women","PC","Percentage","0","Units",,,34,,
"CHL","Chile","PS_FSAFEN","Feeling safe walking alone at night","L","Value","WMN","Women","PC","Percentage","0","Units",,,30,,
"EST","Estonia","PS_FSAFEN","Feeling safe walking alone at night","L","Value","WMN","Women","PC","Percentage","0","Units",,,71,,
"ISR","Israel","PS_FSAFEN","Feeling safe walking alone at night","L","Value","WMN","Women","PC","Percentage","0","Units",,,77,,
"LVA","Latvia","PS_FSAFEN","Feeling safe walking alone at night","L","Value","WMN","Women","PC","Percentage","0","Units",,,61,,
"RUS","Russia","PS_FSAFEN","Feeling safe walking alone at night","L","Value","WMN","Women","PC","Percentage","0","Units",,,55,,
"SVN","Slovenia","PS_FSAFEN","Feeling safe walking alone at night","L","Value","WMN","Women","PC","Percentage","0","Units",,,85,,
"ZAF","South Africa","PS_FSAFEN","Feeling safe walking alone at night","L","Value","WMN","Women","PC","Percentage","0","Units",,,35,,
"OECD","OECD - Total","PS_FSAFEN","Feeling safe walking alone at night","L","Value","WMN","Women","PC","Percentage","0","Units",,,66,,
"AUS","Australia","JE_EMPL","Employment rate","L","Value","WMN","Women","PC","Percentage","0","Units",,,69,,
"AUT","Austria","JE_EMPL","Employment rate","L","Value","WMN","Women","PC","Percentage","0","Units",,,68,,
"BEL","Belgium","JE_EMPL","Employment rate","L","Value","WMN","Women","PC","Percentage","0","Units",,,61,,
"CAN","Canada","JE_EMPL","Employment rate","L","Value","WMN","Women","PC","Percentage","0","Units",,,67,,
"CZE","Czech Republic","JE_EMPL","Employment rate","L","Value","WMN","Women","PC","Percentage","0","Units",,,67,,
"DNK","Denmark","JE_EMPL","Employment rate","L","Value","WMN","Women","PC","Percentage","0","Units",,,71,,
"FIN","Finland","JE_EMPL","Employment rate","L","Value","WMN","Women","PC","Percentage","0","Units",,,71,,
"FRA","France","JE_EMPL","Employment rate","L","Value","WMN","Women","PC","Percentage","0","Units",,,62,,
"DEU","Germany","JE_EMPL","Employment rate","L","Value","WMN","Women","PC","Percentage","0","Units",,,73,,
"GRC","Greece","JE_EMPL","Employment rate","L","Value","WMN","Women","PC","Percentage","0","Units",,,47,,
"HUN","Hungary","JE_EMPL","Employment rate","L","Value","WMN","Women","PC","Percentage","0","Units",,,62,,
"ISL","Iceland","JE_EMPL","Employment rate","L","Value","WMN","Women","PC","Percentage","0","Units",,,75,,
"IRL","Ireland","JE_EMPL","Employment rate","L","Value","WMN","Women","PC","Percentage","0","Units",,,63,,
"ITA","Italy","JE_EMPL","Employment rate","L","Value","WMN","Women","PC","Percentage","0","Units",,,49,,
"JPN","Japan","JE_EMPL","Employment rate","L","Value","WMN","Women","PC","Percentage","0","Units",,,71,,
"KOR","Korea","JE_EMPL","Employment rate","L","Value","WMN","Women","PC","Percentage","0","Units",,,57,,
"LUX","Luxembourg","JE_EMPL","Employment rate","L","Value","WMN","Women","PC","Percentage","0","Units",,,64,,
"MEX","Mexico","JE_EMPL","Employment rate","L","Value","WMN","Women","PC","Percentage","0","Units",,,45,,
"NLD","Netherlands","JE_EMPL","Employment rate","L","Value","WMN","Women","PC","Percentage","0","Units",,,74,,
"NZL","New Zealand","JE_EMPL","Employment rate","L","Value","WMN","Women","PC","Percentage","0","Units",,,72,,
"NOR","Norway","JE_EMPL","Employment rate","L","Value","WMN","Women","PC","Percentage","0","Units",,,73,,
"POL","Poland","JE_EMPL","Employment rate","L","Value","WMN","Women","PC","Percentage","0","Units",,,61,,
"PRT","Portugal","JE_EMPL","Employment rate","L","Value","WMN","Women","PC","Percentage","0","Units",,,67,,
"SVK","Slovak Republic","JE_EMPL","Employment rate","L","Value","WMN","Women","PC","Percentage","0","Units",,,62,,
"ESP","Spain","JE_EMPL","Employment rate","L","Value","WMN","Women","PC","Percentage","0","Units",,,57,,
"SWE","Sweden","JE_EMPL","Employment rate","L","Value","WMN","Women","PC","Percentage","0","Units",,,74,,
"CHE","Switzerland","JE_EMPL","Employment rate","L","Value","WMN","Women","PC","Percentage","0","Units",,,76,,
"TUR","Türkiye","JE_EMPL","Employment rate","L","Value","WMN","Women","PC","Percentage","0","Units",,,30,,
"GBR","United Kingdom","JE_EMPL","Employment rate","L","Value","WMN","Women","PC","Percentage","0","Units",,,72,,
"USA","United States","JE_EMPL","Employment rate","L","Value","WMN","Women","PC","Percentage","0","Units",,,62,,
"BRA","Brazil","JE_EMPL","Employment rate","L","Value","WMN","Women","PC","Percentage","0","Units",,,47,,
"CHL","Chile","JE_EMPL","Employment rate","L","Value","WMN","Women","PC","Percentage","0","Units",,,47,,
"EST","Estonia","JE_EMPL","Employment rate","L","Value","WMN","Women","PC","Percentage","0","Units",,,72,,
"ISR","Israel","JE_EMPL","Employment rate","L","Value","WMN","Women","PC","Percentage","0","Units",,,65,,
"LVA","Latvia","JE_EMPL","Employment rate","L","Value","WMN","Women","PC","Percentage","0","Units",,,70,,
"RUS","Russia","JE_EMPL","Employment rate","L","Value","WMN","Women","PC","Percentage","0","Units",,,65,,
"SVN","Slovenia","JE_EMPL","Employment rate","L","Value","WMN","Women","PC","Percentage","0","Units",,,68,,
"ZAF","South Africa","JE_EMPL","Employment rate","L","Value","WMN","Women","PC","Percentage","0","Units",,,33,,
"OECD","OECD - Total","JE_EMPL","Employment rate","L","Value","WMN","Women","PC","Percentage","0","Units",,,59,,
"AUS","Australia","JE_LTUR","Long-term unemployment rate","L","Value","WMN","Women","PC","Percentage","0","Units",,,1.1,,
"AUT","Austria","JE_LTUR","Long-term unemployment rate","L","Value","WMN","Women","PC","Percentage","0","Units",,,1.2,,
"BEL","Belgium","JE_LTUR","Long-term unemployment rate","L","Value","WMN","Women","PC","Percentage","0","Units",,,2.1,,
"CAN","Canada","JE_LTUR","Long-term unemployment rate","L","Value","WMN","Women","PC","Percentage","0","Units",,,0.4,,
"CZE","Czech Republic","JE_LTUR","Long-term unemployment rate","L","Value","WMN","Women","PC","Percentage","0","Units",,,0.6,,
"DNK","Denmark","JE_LTUR","Long-term unemployment rate","L","Value","WMN","Women","PC","Percentage","0","Units",,,1.2,,
"FIN","Finland","JE_LTUR","Long-term unemployment rate","L","Value","WMN","Women","PC","Percentage","0","Units",,,1.1,,
"FRA","France","JE_LTUR","Long-term unemployment rate","L","Value","WMN","Women","PC","Percentage","0","Units",,,2.9,,
"DEU","Germany","JE_LTUR","Long-term unemployment rate","L","Value","WMN","Women","PC","Percentage","0","Units",,,1,,
"GRC","Greece","JE_LTUR","Long-term unemployment rate","L","Value","WMN","Women","PC","Percentage","0","Units",,,13.4,,
"HUN","Hungary","JE_LTUR","Long-term unemployment rate","L","Value","WMN","Women","PC","Percentage","0","Units",,,1.1,,
"ISL","Iceland","JE_LTUR","Long-term unemployment rate","L","Value","WMN","Women","PC","Percentage","0","Units",,,0.5,,
"IRL","Ireland","JE_LTUR","Long-term unemployment rate","L","Value","WMN","Women","PC","Percentage","0","Units",,,1,,
"ITA","Italy","JE_LTUR","Long-term unemployment rate","L","Value","WMN","Women","PC","Percentage","0","Units",,,5.3,,
"JPN","Japan","JE_LTUR","Long-term unemployment rate","L","Value","WMN","Women","PC","Percentage","0","Units",,,0.5,,
"KOR","Korea","JE_LTUR","Long-term unemployment rate","L","Value","WMN","Women","PC","Percentage","0","Units",,,0,,
"LUX","Luxembourg","JE_LTUR","Long-term unemployment rate","L","Value","WMN","Women","PC","Percentage","0","Units",,,1.9,,
"MEX","Mexico","JE_LTUR","Long-term unemployment rate","L","Value","WMN","Women","PC","Percentage","0","Units",,,0.1,,
"NLD","Netherlands","JE_LTUR","Long-term unemployment rate","L","Value","WMN","Women","PC","Percentage","0","Units",,,1,,
"NZL","New Zealand","JE_LTUR","Long-term unemployment rate","L","Value","WMN","Women","PC","Percentage","0","Units",,,0.4,,
"NOR","Norway","JE_LTUR","Long-term unemployment rate","L","Value","WMN","Women","PC","Percentage","0","Units",,,0.8,,
"POL","Poland","JE_LTUR","Long-term unemployment rate","L","Value","WMN","Women","PC","Percentage","0","Units",,,0.7,,
"PRT","Portugal","JE_LTUR","Long-term unemployment rate","L","Value","WMN","Women","PC","Percentage","0","Units",,,2.4,,
"SVK","Slovak Republic","JE_LTUR","Long-term unemployment rate","L","Value","WMN","Women","PC","Percentage","0","Units",,,3,,
"ESP","Spain","JE_LTUR","Long-term unemployment rate","L","Value","WMN","Women","PC","Percentage","0","Units",,,6.1,,
"SWE","Sweden","JE_LTUR","Long-term unemployment rate","L","Value","WMN","Women","PC","Percentage","0","Units",,,1,,
"CHE","Switzerland","JE_LTUR","Long-term unemployment rate","L","Value","WMN","Women","PC","Percentage","0","Units",,,1.8,,
"TUR","Türkiye","JE_LTUR","Long-term unemployment rate","L","Value","WMN","Women","PC","Percentage","0","Units",,,4.9,,
"GBR","United Kingdom","JE_LTUR","Long-term unemployment rate","L","Value","WMN","Women","PC","Percentage","0","Units",,,0.7,,
"USA","United States","JE_LTUR","Long-term unemployment rate","L","Value","WMN","Women","PC","Percentage","0","Units",,,0.4,,
"EST","Estonia","JE_LTUR","Long-term unemployment rate","L","Value","WMN","Women","PC","Percentage","0","Units",,,1,,
"ISR","Israel","JE_LTUR","Long-term unemployment rate","L","Value","WMN","Women","PC","Percentage","0","Units",,,0.2,,
"LVA","Latvia","JE_LTUR","Long-term unemployment rate","L","Value","WMN","Women","PC","Percentage","0","Units",,,1.7,,
"RUS","Russia","JE_LTUR","Long-term unemployment rate","L","Value","WMN","Women","PC","Percentage","0","Units",,,1.1,,
"SVN","Slovenia","JE_LTUR","Long-term unemployment rate","L","Value","WMN","Women","PC","Percentage","0","Units",,,2.4,,
"ZAF","South Africa","JE_LTUR","Long-term unemployment rate","L","Value","WMN","Women","PC","Percentage","0","Units",,,20.8,,
"OECD","OECD - Total","JE_LTUR","Long-term unemployment rate","L","Value","WMN","Women","PC","Percentage","0","Units",,,1.4,,
"AUS","Australia","SC_SNTWS","Quality of support network","L","Value","WMN","Women","PC","Percentage","0","Units",,,94,,
"AUT","Austria","SC_SNTWS","Quality of support network","L","Value","WMN","Women","PC","Percentage","0","Units",,,93,,
"BEL","Belgium","SC_SNTWS","Quality of support network","L","Value","WMN","Women","PC","Percentage","0","Units",,,87,,
"CAN","Canada","SC_SNTWS","Quality of support network","L","Value","WMN","Women","PC","Percentage","0","Units",,,93,,
"CZE","Czech Republic","SC_SNTWS","Quality of support network","L","Value","WMN","Women","PC","Percentage","0","Units",,,97,,
"DNK","Denmark","SC_SNTWS","Quality of support network","L","Value","WMN","Women","PC","Percentage","0","Units",,,97,,
"FIN","Finland","SC_SNTWS","Quality of support network","L","Value","WMN","Women","PC","Percentage","0","Units",,,98,,
"FRA","France","SC_SNTWS","Quality of support network","L","Value","WMN","Women","PC","Percentage","0","Units",,,96,,
"DEU","Germany","SC_SNTWS","Quality of support network","L","Value","WMN","Women","PC","Percentage","0","Units",,,89,,
"GRC","Greece","SC_SNTWS","Quality of support network","L","Value","WMN","Women","PC","Percentage","0","Units",,,79,,
"HUN","Hungary","SC_SNTWS","Quality of support network","L","Value","WMN","Women","PC","Percentage","0","Units",,,96,,
"ISL","Iceland","SC_SNTWS","Quality of support network","L","Value","WMN","Women","PC","Percentage","0","Units",,,98,,
"IRL","Ireland","SC_SNTWS","Quality of support network","L","Value","WMN","Women","PC","Percentage","0","Units",,,96,,
"ITA","Italy","SC_SNTWS","Quality of support network","L","Value","WMN","Women","PC","Percentage","0","Units",,,86,,
"JPN","Japan","SC_SNTWS","Quality of support network","L","Value","WMN","Women","PC","Percentage","0","Units",,,93,,
"KOR","Korea","SC_SNTWS","Quality of support network","L","Value","WMN","Women","PC","Percentage","0","Units",,,86,,
"LUX","Luxembourg","SC_SNTWS","Quality of support network","L","Value","WMN","Women","PC","Percentage","0","Units",,,91,,
"MEX","Mexico","SC_SNTWS","Quality of support network","L","Value","WMN","Women","PC","Percentage","0","Units",,,76,,
"NLD","Netherlands","SC_SNTWS","Quality of support network","L","Value","WMN","Women","PC","Percentage","0","Units",,,92,,
"NZL","New Zealand","SC_SNTWS","Quality of support network","L","Value","WMN","Women","PC","Percentage","0","Units",,,95,,
"NOR","Norway","SC_SNTWS","Quality of support network","L","Value","WMN","Women","PC","Percentage","0","Units",,,96,,
"POL","Poland","SC_SNTWS","Quality of support network","L","Value","WMN","Women","PC","Percentage","0","Units",,,95,,
"PRT","Portugal","SC_SNTWS","Quality of support network","L","Value","WMN","Women","PC","Percentage","0","Units",,,86,,
"SVK","Slovak Republic","SC_SNTWS","Quality of support network","L","Value","WMN","Women","PC","Percentage","0","Units",,,95,,
"ESP","Spain","SC_SNTWS","Quality of support network","L","Value","WMN","Women","PC","Percentage","0","Units",,,94,,
"SWE","Sweden","SC_SNTWS","Quality of support network","L","Value","WMN","Women","PC","Percentage","0","Units",,,93,,
"CHE","Switzerland","SC_SNTWS","Quality of support network","L","Value","WMN","Women","PC","Percentage","0","Units",,,95,,
"TUR","Türkiye","SC_SNTWS","Quality of support network","L","Value","WMN","Women","PC","Percentage","0","Units",,,88,,
"GBR","United Kingdom","SC_SNTWS","Quality of support network","L","Value","WMN","Women","PC","Percentage","0","Units",,,96,,
"USA","United States","SC_SNTWS","Quality of support network","L","Value","WMN","Women","PC","Percentage","0","Units",,,94,,
"BRA","Brazil","SC_SNTWS","Quality of support network","L","Value","WMN","Women","PC","Percentage","0","Units",,,80,,
"CHL","Chile","SC_SNTWS","Quality of support network","L","Value","WMN","Women","PC","Percentage","0","Units",,,88,,
"EST","Estonia","SC_SNTWS","Quality of support network","L","Value","WMN","Women","PC","Percentage","0","Units",,,97,,
"ISR","Israel","SC_SNTWS","Quality of support network","L","Value","WMN","Women","PC","Percentage","0","Units",,,96,,
"LVA","Latvia","SC_SNTWS","Quality of support network","L","Value","WMN","Women","PC","Percentage","0","Units",,,94,,
"RUS","Russia","SC_SNTWS","Quality of support network","L","Value","WMN","Women","PC","Percentage","0","Units",,,89,,
"SVN","Slovenia","SC_SNTWS","Quality of support network","L","Value","WMN","Women","PC","Percentage","0","Units",,,95,,
"ZAF","South Africa","SC_SNTWS","Quality of support network","L","Value","WMN","Women","PC","Percentage","0","Units",,,89,,
"OECD","OECD - Total","SC_SNTWS","Quality of support network","L","Value","WMN","Women","PC","Percentage","0","Units",,,92,,
"AUS","Australia","ES_EDUA","Educational attainment","L","Value","WMN","Women","PC","Percentage","0","Units",,,84,,
"AUT","Austria","ES_EDUA","Educational attainment","L","Value","WMN","Women","PC","Percentage","0","Units",,,83,,
"BEL","Belgium","ES_EDUA","Educational attainment","L","Value","WMN","Women","PC","Percentage","0","Units",,,81,,
"CAN","Canada","ES_EDUA","Educational attainment","L","Value","WMN","Women","PC","Percentage","0","Units",,,94,,
"CZE","Czech Republic","ES_EDUA","Educational attainment","L","Value","WMN","Women","PC","Percentage","0","Units",,,93,,
"DNK","Denmark","ES_EDUA","Educational attainment","L","Value","WMN","Women","PC","Percentage","0","Units",,,83,,
"FIN","Finland","ES_EDUA","Educational attainment","L","Value","WMN","Women","PC","Percentage","0","Units",,,94,,
"FRA","France","ES_EDUA","Educational attainment","L","Value","WMN","Women","PC","Percentage","0","Units",,,82,,
"DEU","Germany","ES_EDUA","Educational attainment","L","Value","WMN","Women","PC","Percentage","0","Units",,,86,,
"GRC","Greece","ES_EDUA","Educational attainment","L","Value","WMN","Women","PC","Percentage","0","Units",,,78,,
"HUN","Hungary","ES_EDUA","Educational attainment","L","Value","WMN","Women","PC","Percentage","0","Units",,,84,,
"ISL","Iceland","ES_EDUA","Educational attainment","L","Value","WMN","Women","PC","Percentage","0","Units",,,78,,
"IRL","Ireland","ES_EDUA","Educational attainment","L","Value","WMN","Women","PC","Percentage","0","Units",,,88,,
"ITA","Italy","ES_EDUA","Educational attainment","L","Value","WMN","Women","PC","Percentage","0","Units",,,65,,
"KOR","Korea","ES_EDUA","Educational attainment","L","Value","WMN","Women","PC","Percentage","0","Units",,,87,,
"LUX","Luxembourg","ES_EDUA","Educational attainment","L","Value","WMN","Women","PC","Percentage","0","Units",,,74,,
"MEX","Mexico","ES_EDUA","Educational attainment","L","Value","WMN","Women","PC","Percentage","0","Units",,,41,,
"NLD","Netherlands","ES_EDUA","Educational attainment","L","Value","WMN","Women","PC","Percentage","0","Units",,,81,,
"NZL","New Zealand","ES_EDUA","Educational attainment","L","Value","WMN","Women","PC","Percentage","0","Units",,,82,,
"NOR","Norway","ES_EDUA","Educational attainment","L","Value","WMN","Women","PC","Percentage","0","Units",,,83,,
"POL","Poland","ES_EDUA","Educational attainment","L","Value","WMN","Women","PC","Percentage","0","Units",,,94,,
"PRT","Portugal","ES_EDUA","Educational attainment","L","Value","WMN","Women","PC","Percentage","0","Units",,,59,,
"SVK","Slovak Republic","ES_EDUA","Educational attainment","L","Value","WMN","Women","PC","Percentage","0","Units",,,92,,
"ESP","Spain","ES_EDUA","Educational attainment","L","Value","WMN","Women","PC","Percentage","0","Units",,,66,,
"SWE","Sweden","ES_EDUA","Educational attainment","L","Value","WMN","Women","PC","Percentage","0","Units",,,85,,
"CHE","Switzerland","ES_EDUA","Educational attainment","L","Value","WMN","Women","PC","Percentage","0","Units",,,88,,
"TUR","Türkiye","ES_EDUA","Educational attainment","L","Value","WMN","Women","PC","Percentage","0","Units",,,38,,
"GBR","United Kingdom","ES_EDUA","Educational attainment","L","Value","WMN","Women","PC","Percentage","0","Units",,,83,,
"USA","United States","ES_EDUA","Educational attainment","L","Value","WMN","Women","PC","Percentage","0","Units",,,92,,
"BRA","Brazil","ES_EDUA","Educational attainment","L","Value","WMN","Women","PC","Percentage","0","Units",,,60,,
"CHL","Chile","ES_EDUA","Educational attainment","L","Value","WMN","Women","PC","Percentage","0","Units",,,68,,
"EST","Estonia","ES_EDUA","Educational attainment","L","Value","WMN","Women","PC","Percentage","0","Units",,,94,,
"ISR","Israel","ES_EDUA","Educational attainment","L","Value","WMN","Women","PC","Percentage","0","Units",,,89,,
"LVA","Latvia","ES_EDUA","Educational attainment","L","Value","WMN","Women","PC","Percentage","0","Units",,,93,,
"RUS","Russia","ES_EDUA","Educational attainment","L","Value","WMN","Women","PC","Percentage","0","Units",,,96,,
"SVN","Slovenia","ES_EDUA","Educational attainment","L","Value","WMN","Women","PC","Percentage","0","Units",,,89,,
"ZAF","South Africa","ES_EDUA","Educational attainment","L","Value","WMN","Women","PC","Percentage","0","Units",,,48,,
"OECD","OECD - Total","ES_EDUA","Educational attainment","L","Value","WMN","Women","PC","Percentage","0","Units",,,80,,
"AUS","Australia","ES_STCS","Student skills","L","Value","WMN","Women","AVSCORE","Average score","0","Units",,,503,,
"AUT","Austria","ES_STCS","Student skills","L","Value","WMN","Women","AVSCORE","Average score","0","Units",,,493,,
"BEL","Belgium","ES_STCS","Student skills","L","Value","WMN","Women","AVSCORE","Average score","0","Units",,,501,,
"CAN","Canada","ES_STCS","Student skills","L","Value","WMN","Women","AVSCORE","Average score","0","Units",,,521,,
"CZE","Czech Republic","ES_STCS","Student skills","L","Value","WMN","Women","AVSCORE","Average score","0","Units",,,501,,
"DNK","Denmark","ES_STCS","Student skills","L","Value","WMN","Women","AVSCORE","Average score","0","Units",,,506,,
"FIN","Finland","ES_STCS","Student skills","L","Value","WMN","Women","AVSCORE","Average score","0","Units",,,530,,
"FRA","France","ES_STCS","Student skills","L","Value","WMN","Women","AVSCORE","Average score","0","Units",,,497,,
"DEU","Germany","ES_STCS","Student skills","L","Value","WMN","Women","AVSCORE","Average score","0","Units",,,504,,
"GRC","Greece","ES_STCS","Student skills","L","Value","WMN","Women","AVSCORE","Average score","0","Units",,,462,,
"HUN","Hungary","ES_STCS","Student skills","L","Value","WMN","Women","AVSCORE","Average score","0","Units",,,481,,
"ISL","Iceland","ES_STCS","Student skills","L","Value","WMN","Women","AVSCORE","Average score","0","Units",,,491,,
"IRL","Ireland","ES_STCS","Student skills","L","Value","WMN","Women","AVSCORE","Average score","0","Units",,,508,,
"ITA","Italy","ES_STCS","Student skills","L","Value","WMN","Women","AVSCORE","Average score","0","Units",,,478,,
"JPN","Japan","ES_STCS","Student skills","L","Value","WMN","Women","AVSCORE","Average score","0","Units",,,521,,
"KOR","Korea","ES_STCS","Student skills","L","Value","WMN","Women","AVSCORE","Average score","0","Units",,,522,,
"LUX","Luxembourg","ES_STCS","Student skills","L","Value","WMN","Women","AVSCORE","Average score","0","Units",,,481,,
"MEX","Mexico","ES_STCS","Student skills","L","Value","WMN","Women","AVSCORE","Average score","0","Units",,,415,,
"NLD","Netherlands","ES_STCS","Student skills","L","Value","WMN","Women","AVSCORE","Average score","0","Units",,,508,,
"NZL","New Zealand","ES_STCS","Student skills","L","Value","WMN","Women","AVSCORE","Average score","0","Units",,,506,,
"NOR","Norway","ES_STCS","Student skills","L","Value","WMN","Women","AVSCORE","Average score","0","Units",,,508,,
"POL","Poland","ES_STCS","Student skills","L","Value","WMN","Women","AVSCORE","Average score","0","Units",,,518,,
"PRT","Portugal","ES_STCS","Student skills","L","Value","WMN","Women","AVSCORE","Average score","0","Units",,,494,,
"SVK","Slovak Republic","ES_STCS","Student skills","L","Value","WMN","Women","AVSCORE","Average score","0","Units",,,475,,
"SWE","Sweden","ES_STCS","Student skills","L","Value","WMN","Women","AVSCORE","Average score","0","Units",,,510,,
"CHE","Switzerland","ES_STCS","Student skills","L","Value","WMN","Women","AVSCORE","Average score","0","Units",,,502,,
"TUR","Türkiye","ES_STCS","Student skills","L","Value","WMN","Women","AVSCORE","Average score","0","Units",,,467,,
"GBR","United Kingdom","ES_STCS","Student skills","L","Value","WMN","Women","AVSCORE","Average score","0","Units",,,504,,
"USA","United States","ES_STCS","Student skills","L","Value","WMN","Women","AVSCORE","Average score","0","Units",,,498,,
"BRA","Brazil","ES_STCS","Student skills","L","Value","WMN","Women","AVSCORE","Average score","0","Units",,,403,,
"CHL","Chile","ES_STCS","Student skills","L","Value","WMN","Women","AVSCORE","Average score","0","Units",,,439,,
"EST","Estonia","ES_STCS","Student skills","L","Value","WMN","Women","AVSCORE","Average score","0","Units",,,530,,
"ISR","Israel","ES_STCS","Student skills","L","Value","WMN","Women","AVSCORE","Average score","0","Units",,,477,,
"LVA","Latvia","ES_STCS","Student skills","L","Value","WMN","Women","AVSCORE","Average score","0","Units",,,493,,
"RUS","Russia","ES_STCS","Student skills","L","Value","WMN","Women","AVSCORE","Average score","0","Units",,,485,,
"SVN","Slovenia","ES_STCS","Student skills","L","Value","WMN","Women","AVSCORE","Average score","0","Units",,,512,,
"OECD","OECD - Total","ES_STCS","Student skills","L","Value","WMN","Women","AVSCORE","Average score","0","Units",,,491,,
"AUS","Australia","ES_EDUEX","Years in education","L","Value","WMN","Women","YR","Years","0","Units",,,21,,
"AUT","Austria","ES_EDUEX","Years in education","L","Value","WMN","Women","YR","Years","0","Units",,,17,,
"BEL","Belgium","ES_EDUEX","Years in education","L","Value","WMN","Women","YR","Years","0","Units",,,20,,
"CAN","Canada","ES_EDUEX","Years in education","L","Value","WMN","Women","YR","Years","0","Units",,,17,,
"CZE","Czech Republic","ES_EDUEX","Years in education","L","Value","WMN","Women","YR","Years","0","Units",,,18,,
"DNK","Denmark","ES_EDUEX","Years in education","L","Value","WMN","Women","YR","Years","0","Units",,,20,,
"FIN","Finland","ES_EDUEX","Years in education","L","Value","WMN","Women","YR","Years","0","Units",,,20,,
"FRA","France","ES_EDUEX","Years in education","L","Value","WMN","Women","YR","Years","0","Units",,,17,,
"DEU","Germany","ES_EDUEX","Years in education","L","Value","WMN","Women","YR","Years","0","Units",,,18,,
"GRC","Greece","ES_EDUEX","Years in education","L","Value","WMN","Women","YR","Years","0","Units",,,19,,
"HUN","Hungary","ES_EDUEX","Years in education","L","Value","WMN","Women","YR","Years","0","Units",,,17,,
"ISL","Iceland","ES_EDUEX","Years in education","L","Value","WMN","Women","YR","Years","0","Units",,,20,,
"IRL","Ireland","ES_EDUEX","Years in education","L","Value","WMN","Women","YR","Years","0","Units",,,18,,
"ITA","Italy","ES_EDUEX","Years in education","L","Value","WMN","Women","YR","Years","0","Units",,,17,,
"JPN","Japan","ES_EDUEX","Years in education","L","Value","WMN","Women","YR","Years","0","Units",,,16,,
"KOR","Korea","ES_EDUEX","Years in education","L","Value","WMN","Women","YR","Years","0","Units",,,17,,
"LUX","Luxembourg","ES_EDUEX","Years in education","L","Value","WMN","Women","YR","Years","0","Units",,,15,,
"MEX","Mexico","ES_EDUEX","Years in education","L","Value","WMN","Women","YR","Years","0","Units",,,16,,
"NLD","Netherlands","ES_EDUEX","Years in education","L","Value","WMN","Women","YR","Years","0","Units",,,19,,
"NZL","New Zealand","ES_EDUEX","Years in education","L","Value","WMN","Women","YR","Years","0","Units",,,18,,
"NOR","Norway","ES_EDUEX","Years in education","L","Value","WMN","Women","YR","Years","0","Units",,,19,,
"POL","Poland","ES_EDUEX","Years in education","L","Value","WMN","Women","YR","Years","0","Units",,,18,,
"PRT","Portugal","ES_EDUEX","Years in education","L","Value","WMN","Women","YR","Years","0","Units",,,17,,
"SVK","Slovak Republic","ES_EDUEX","Years in education","L","Value","WMN","Women","YR","Years","0","Units",,,16,,
"ESP","Spain","ES_EDUEX","Years in education","L","Value","WMN","Women","YR","Years","0","Units",,,18,,
"SWE","Sweden","ES_EDUEX","Years in education","L","Value","WMN","Women","YR","Years","0","Units",,,20,,
"CHE","Switzerland","ES_EDUEX","Years in education","L","Value","WMN","Women","YR","Years","0","Units",,,17,,
"TUR","Türkiye","ES_EDUEX","Years in education","L","Value","WMN","Women","YR","Years","0","Units",,,18,,
"GBR","United Kingdom","ES_EDUEX","Years in education","L","Value","WMN","Women","YR","Years","0","Units",,,17,,
"USA","United States","ES_EDUEX","Years in education","L","Value","WMN","Women","YR","Years","0","Units",,,18,,
"BRA","Brazil","ES_EDUEX","Years in education","L","Value","WMN","Women","YR","Years","0","Units",,,16,,
"CHL","Chile","ES_EDUEX","Years in education","L","Value","WMN","Women","YR","Years","0","Units",,,18,,
"EST","Estonia","ES_EDUEX","Years in education","L","Value","WMN","Women","YR","Years","0","Units",,,18,,
"ISR","Israel","ES_EDUEX","Years in education","L","Value","WMN","Women","YR","Years","0","Units",,,16,,
"LVA","Latvia","ES_EDUEX","Years in education","L","Value","WMN","Women","YR","Years","0","Units",,,19,,
"RUS","Russia","ES_EDUEX","Years in education","L","Value","WMN","Women","YR","Years","0","Units",,,17,,
"SVN","Slovenia","ES_EDUEX","Years in education","L","Value","WMN","Women","YR","Years","0","Units",,,19,,
"OECD","OECD - Total","ES_EDUEX","Years in education","L","Value","WMN","Women","YR","Years","0","Units",,,18,,
"AUS","Australia","EQ_WATER","Water quality","L","Value","WMN","Women","PC","Percentage","0","Units",,,91,,
"AUT","Austria","EQ_WATER","Water quality","L","Value","WMN","Women","PC","Percentage","0","Units",,,92,,
"BEL","Belgium","EQ_WATER","Water quality","L","Value","WMN","Women","PC","Percentage","0","Units",,,77,,
"CAN","Canada","EQ_WATER","Water quality","L","Value","WMN","Women","PC","Percentage","0","Units",,,87,,
"CZE","Czech Republic","EQ_WATER","Water quality","L","Value","WMN","Women","PC","Percentage","0","Units",,,86,,
"DNK","Denmark","EQ_WATER","Water quality","L","Value","WMN","Women","PC","Percentage","0","Units",,,92,,
"FIN","Finland","EQ_WATER","Water quality","L","Value","WMN","Women","PC","Percentage","0","Units",,,97,,
"FRA","France","EQ_WATER","Water quality","L","Value","WMN","Women","PC","Percentage","0","Units",,,79,,
"DEU","Germany","EQ_WATER","Water quality","L","Value","WMN","Women","PC","Percentage","0","Units",,,92,,
"GRC","Greece","EQ_WATER","Water quality","L","Value","WMN","Women","PC","Percentage","0","Units",,,66,,
"HUN","Hungary","EQ_WATER","Water quality","L","Value","WMN","Women","PC","Percentage","0","Units",,,79,,
"ISL","Iceland","EQ_WATER","Water quality","L","Value","WMN","Women","PC","Percentage","0","Units",,,96,,
"IRL","Ireland","EQ_WATER","Water quality","L","Value","WMN","Women","PC","Percentage","0","Units",,,81,,
"ITA","Italy","EQ_WATER","Water quality","L","Value","WMN","Women","PC","Percentage","0","Units",,,82,,
"JPN","Japan","EQ_WATER","Water quality","L","Value","WMN","Women","PC","Percentage","0","Units",,,85,,
"KOR","Korea","EQ_WATER","Water quality","L","Value","WMN","Women","PC","Percentage","0","Units",,,84,,
"LUX","Luxembourg","EQ_WATER","Water quality","L","Value","WMN","Women","PC","Percentage","0","Units",,,85,,
"MEX","Mexico","EQ_WATER","Water quality","L","Value","WMN","Women","PC","Percentage","0","Units",,,72,,
"NLD","Netherlands","EQ_WATER","Water quality","L","Value","WMN","Women","PC","Percentage","0","Units",,,88,,
"NZL","New Zealand","EQ_WATER","Water quality","L","Value","WMN","Women","PC","Percentage","0","Units",,,84,,
"NOR","Norway","EQ_WATER","Water quality","L","Value","WMN","Women","PC","Percentage","0","Units",,,98,,
"POL","Poland","EQ_WATER","Water quality","L","Value","WMN","Women","PC","Percentage","0","Units",,,82,,
"PRT","Portugal","EQ_WATER","Water quality","L","Value","WMN","Women","PC","Percentage","0","Units",,,88,,
"SVK","Slovak Republic","EQ_WATER","Water quality","L","Value","WMN","Women","PC","Percentage","0","Units",,,80,,
"ESP","Spain","EQ_WATER","Water quality","L","Value","WMN","Women","PC","Percentage","0","Units",,,77,,
"SWE","Sweden","EQ_WATER","Water quality","L","Value","WMN","Women","PC","Percentage","0","Units",,,97,,
"CHE","Switzerland","EQ_WATER","Water quality","L","Value","WMN","Women","PC","Percentage","0","Units",,,95,,
"TUR","Türkiye","EQ_WATER","Water quality","L","Value","WMN","Women","PC","Percentage","0","Units",,,60,,
"GBR","United Kingdom","EQ_WATER","Water quality","L","Value","WMN","Women","PC","Percentage","0","Units",,,84,,
"USA","United States","EQ_WATER","Water quality","L","Value","WMN","Women","PC","Percentage","0","Units",,,86,,
"BRA","Brazil","EQ_WATER","Water quality","L","Value","WMN","Women","PC","Percentage","0","Units",,,71,,
"CHL","Chile","EQ_WATER","Water quality","L","Value","WMN","Women","PC","Percentage","0","Units",,,60,,
"EST","Estonia","EQ_WATER","Water quality","L","Value","WMN","Women","PC","Percentage","0","Units",,,86,,
"ISR","Israel","EQ_WATER","Water quality","L","Value","WMN","Women","PC","Percentage","0","Units",,,79,,
"LVA","Latvia","EQ_WATER","Water quality","L","Value","WMN","Women","PC","Percentage","0","Units",,,83,,
"RUS","Russia","EQ_WATER","Water quality","L","Value","WMN","Women","PC","Percentage","0","Units",,,59,,
"SVN","Slovenia","EQ_WATER","Water quality","L","Value","WMN","Women","PC","Percentage","0","Units",,,90,,
"ZAF","South Africa","EQ_WATER","Water quality","L","Value","WMN","Women","PC","Percentage","0","Units",,,73,,
"OECD","OECD - Total","EQ_WATER","Water quality","L","Value","WMN","Women","PC","Percentage","0","Units",,,84,,
"AUS","Australia","HS_LEB","Life expectancy","L","Value","WMN","Women","YR","Years","0","Units",,,85,,
"AUT","Austria","HS_LEB","Life expectancy","L","Value","WMN","Women","YR","Years","0","Units",,,84.2,,
"BEL","Belgium","HS_LEB","Life expectancy","L","Value","WMN","Women","YR","Years","0","Units",,,84.3,,
"CAN","Canada","HS_LEB","Life expectancy","L","Value","WMN","Women","YR","Years","0","Units",,,84.2,,
"CZE","Czech Republic","HS_LEB","Life expectancy","L","Value","WMN","Women","YR","Years","0","Units",,,82.2,,
"DNK","Denmark","HS_LEB","Life expectancy","L","Value","WMN","Women","YR","Years","0","Units",,,83.5,,
"FIN","Finland","HS_LEB","Life expectancy","L","Value","WMN","Women","YR","Years","0","Units",,,84.8,,
"FRA","France","HS_LEB","Life expectancy","L","Value","WMN","Women","YR","Years","0","Units",,,85.9,,
"DEU","Germany","HS_LEB","Life expectancy","L","Value","WMN","Women","YR","Years","0","Units",,,83.7,,
"GRC","Greece","HS_LEB","Life expectancy","L","Value","WMN","Women","YR","Years","0","Units",,,84.2,,
"HUN","Hungary","HS_LEB","Life expectancy","L","Value","WMN","Women","YR","Years","0","Units",,,79.7,,
"ISL","Iceland","HS_LEB","Life expectancy","L","Value","WMN","Women","YR","Years","0","Units",,,84.7,,
"IRL","Ireland","HS_LEB","Life expectancy","L","Value","WMN","Women","YR","Years","0","Units",,,84.7,,
"ITA","Italy","HS_LEB","Life expectancy","L","Value","WMN","Women","YR","Years","0","Units",,,85.7,,
"JPN","Japan","HS_LEB","Life expectancy","L","Value","WMN","Women","YR","Years","0","Units",,,87.5,,
"KOR","Korea","HS_LEB","Life expectancy","L","Value","WMN","Women","YR","Years","0","Units",,,86.3,,
"LUX","Luxembourg","HS_LEB","Life expectancy","L","Value","WMN","Women","YR","Years","0","Units",,,85.2,,
"MEX","Mexico","HS_LEB","Life expectancy","L","Value","WMN","Women","YR","Years","0","Units",,,78,,
"NLD","Netherlands","HS_LEB","Life expectancy","L","Value","WMN","Women","YR","Years","0","Units",,,83.7,,
"NZL","New Zealand","HS_LEB","Life expectancy","L","Value","WMN","Women","YR","Years","0","Units",,,83.9,,
"NOR","Norway","HS_LEB","Life expectancy","L","Value","WMN","Women","YR","Years","0","Units",,,84.7,,
"POL","Poland","HS_LEB","Life expectancy","L","Value","WMN","Women","YR","Years","0","Units",,,81.9,,
"PRT","Portugal","HS_LEB","Life expectancy","L","Value","WMN","Women","YR","Years","0","Units",,,84.8,,
"SVK","Slovak Republic","HS_LEB","Life expectancy","L","Value","WMN","Women","YR","Years","0","Units",,,81.2,,
"ESP","Spain","HS_LEB","Life expectancy","L","Value","WMN","Women","YR","Years","0","Units",,,86.7,,
"SWE","Sweden","HS_LEB","Life expectancy","L","Value","WMN","Women","YR","Years","0","Units",,,84.8,,
"CHE","Switzerland","HS_LEB","Life expectancy","L","Value","WMN","Women","YR","Years","0","Units",,,85.8,,
"TUR","Türkiye","HS_LEB","Life expectancy","L","Value","WMN","Women","YR","Years","0","Units",,,81.3,,
"GBR","United Kingdom","HS_LEB","Life expectancy","L","Value","WMN","Women","YR","Years","0","Units",,,83.1,,
"USA","United States","HS_LEB","Life expectancy","L","Value","WMN","Women","YR","Years","0","Units",,,81.4,,
"BRA","Brazil","HS_LEB","Life expectancy","L","Value","WMN","Women","YR","Years","0","Units",,,79.6,,
"CHL","Chile","HS_LEB","Life expectancy","L","Value","WMN","Women","YR","Years","0","Units",,,83.4,,
"EST","Estonia","HS_LEB","Life expectancy","L","Value","WMN","Women","YR","Years","0","Units",,,83,,
"ISR","Israel","HS_LEB","Life expectancy","L","Value","WMN","Women","YR","Years","0","Units",,,84.8,,
"LVA","Latvia","HS_LEB","Life expectancy","L","Value","WMN","Women","YR","Years","0","Units",,,80.1,,
"RUS","Russia","HS_LEB","Life expectancy","L","Value","WMN","Women","YR","Years","0","Units",,,78.2,,
"SVN","Slovenia","HS_LEB","Life expectancy","L","Value","WMN","Women","YR","Years","0","Units",,,84.5,,
"ZAF","South Africa","HS_LEB","Life expectancy","L","Value","WMN","Women","YR","Years","0","Units",,,67.7,,
"OECD","OECD - Total","HS_LEB","Life expectancy","L","Value","WMN","Women","YR","Years","0","Units",,,83.6,,
"AUS","Australia","HS_SFRH","Self-reported health","L","Value","WMN","Women","PC","Percentage","0","Units",,,86,,
"AUT","Austria","HS_SFRH","Self-reported health","L","Value","WMN","Women","PC","Percentage","0","Units",,,71,,
"BEL","Belgium","HS_SFRH","Self-reported health","L","Value","WMN","Women","PC","Percentage","0","Units",,,72,,
"CAN","Canada","HS_SFRH","Self-reported health","L","Value","WMN","Women","PC","Percentage","0","Units",,,88,,
"CZE","Czech Republic","HS_SFRH","Self-reported health","L","Value","WMN","Women","PC","Percentage","0","Units",,,61,,
"DNK","Denmark","HS_SFRH","Self-reported health","L","Value","WMN","Women","PC","Percentage","0","Units",,,67,,
"FIN","Finland","HS_SFRH","Self-reported health","L","Value","WMN","Women","PC","Percentage","0","Units",,,68,,
"FRA","France","HS_SFRH","Self-reported health","L","Value","WMN","Women","PC","Percentage","0","Units",,,65,,
"DEU","Germany","HS_SFRH","Self-reported health","L","Value","WMN","Women","PC","Percentage","0","Units",,,65,,
"GRC","Greece","HS_SFRH","Self-reported health","L","Value","WMN","Women","PC","Percentage","0","Units",,,77,,
"HUN","Hungary","HS_SFRH","Self-reported health","L","Value","WMN","Women","PC","Percentage","0","Units",,,55,,
"ISL","Iceland","HS_SFRH","Self-reported health","L","Value","WMN","Women","PC","Percentage","0","Units",,,72,,
"IRL","Ireland","HS_SFRH","Self-reported health","L","Value","WMN","Women","PC","Percentage","0","Units",,,84,,
"ITA","Italy","HS_SFRH","Self-reported health","L","Value","WMN","Women","PC","Percentage","0","Units",,,70,,
"JPN","Japan","HS_SFRH","Self-reported health","L","Value","WMN","Women","PC","Percentage","0","Units",,,35,,
"KOR","Korea","HS_SFRH","Self-reported health","L","Value","WMN","Women","PC","Percentage","0","Units",,,30,,
"LUX","Luxembourg","HS_SFRH","Self-reported health","L","Value","WMN","Women","PC","Percentage","0","Units",,,70,,
"MEX","Mexico","HS_SFRH","Self-reported health","L","Value","WMN","Women","PC","Percentage","0","Units",,,64,,
"NLD","Netherlands","HS_SFRH","Self-reported health","L","Value","WMN","Women","PC","Percentage","0","Units",,,73,,
"NZL","New Zealand","HS_SFRH","Self-reported health","L","Value","WMN","Women","PC","Percentage","0","Units",,,85,,
"NOR","Norway","HS_SFRH","Self-reported health","L","Value","WMN","Women","PC","Percentage","0","Units",,,73,,
"POL","Poland","HS_SFRH","Self-reported health","L","Value","WMN","Women","PC","Percentage","0","Units",,,57,,
"PRT","Portugal","HS_SFRH","Self-reported health","L","Value","WMN","Women","PC","Percentage","0","Units",,,45,,
"SVK","Slovak Republic","HS_SFRH","Self-reported health","L","Value","WMN","Women","PC","Percentage","0","Units",,,61,,
"ESP","Spain","HS_SFRH","Self-reported health","L","Value","WMN","Women","PC","Percentage","0","Units",,,73,,
"SWE","Sweden","HS_SFRH","Self-reported health","L","Value","WMN","Women","PC","Percentage","0","Units",,,73,,
"CHE","Switzerland","HS_SFRH","Self-reported health","L","Value","WMN","Women","PC","Percentage","0","Units",,,79,,
"TUR","Türkiye","HS_SFRH","Self-reported health","L","Value","WMN","Women","PC","Percentage","0","Units",,,62,,
"GBR","United Kingdom","HS_SFRH","Self-reported health","L","Value","WMN","Women","PC","Percentage","0","Units",,,72,,
"USA","United States","HS_SFRH","Self-reported health","L","Value","WMN","Women","PC","Percentage","0","Units",,,87,,
"CHL","Chile","HS_SFRH","Self-reported health","L","Value","WMN","Women","PC","Percentage","0","Units",,,56,,
"EST","Estonia","HS_SFRH","Self-reported health","L","Value","WMN","Women","PC","Percentage","0","Units",,,54,,
"ISR","Israel","HS_SFRH","Self-reported health","L","Value","WMN","Women","PC","Percentage","0","Units",,,72,,
"LVA","Latvia","HS_SFRH","Self-reported health","L","Value","WMN","Women","PC","Percentage","0","Units",,,43,,
"RUS","Russia","HS_SFRH","Self-reported health","L","Value","WMN","Women","PC","Percentage","0","Units",,,38,,
"SVN","Slovenia","HS_SFRH","Self-reported health","L","Value","WMN","Women","PC","Percentage","0","Units",,,64,,
"OECD","OECD - Total","HS_SFRH","Self-reported health","L","Value","WMN","Women","PC","Percentage","0","Units",,,66,,
"AUS","Australia","SW_LIFS","Life satisfaction","L","Value","WMN","Women","AVSCORE","Average score","0","Units",,,7.2,,
"AUT","Austria","SW_LIFS","Life satisfaction","L","Value","WMN","Women","AVSCORE","Average score","0","Units",,,7.3,,
"BEL","Belgium","SW_LIFS","Life satisfaction","L","Value","WMN","Women","AVSCORE","Average score","0","Units",,,6.8,,
"CAN","Canada","SW_LIFS","Life satisfaction","L","Value","WMN","Women","AVSCORE","Average score","0","Units",,,7,,
"CZE","Czech Republic","SW_LIFS","Life satisfaction","L","Value","WMN","Women","AVSCORE","Average score","0","Units",,,6.9,,
"DNK","Denmark","SW_LIFS","Life satisfaction","L","Value","WMN","Women","AVSCORE","Average score","0","Units",,,7.6,,
"FIN","Finland","SW_LIFS","Life satisfaction","L","Value","WMN","Women","AVSCORE","Average score","0","Units",,,8.1,,
"FRA","France","SW_LIFS","Life satisfaction","L","Value","WMN","Women","AVSCORE","Average score","0","Units",,,6.7,,
"DEU","Germany","SW_LIFS","Life satisfaction","L","Value","WMN","Women","AVSCORE","Average score","0","Units",,,7.3,,
"GRC","Greece","SW_LIFS","Life satisfaction","L","Value","WMN","Women","AVSCORE","Average score","0","Units",,,5.6,,
"HUN","Hungary","SW_LIFS","Life satisfaction","L","Value","WMN","Women","AVSCORE","Average score","0","Units",,,5.8,,
"ISL","Iceland","SW_LIFS","Life satisfaction","L","Value","WMN","Women","AVSCORE","Average score","0","Units",,,7.7,,
"IRL","Ireland","SW_LIFS","Life satisfaction","L","Value","WMN","Women","AVSCORE","Average score","0","Units",,,7.2,,
"ITA","Italy","SW_LIFS","Life satisfaction","L","Value","WMN","Women","AVSCORE","Average score","0","Units",,,6.5,,
"JPN","Japan","SW_LIFS","Life satisfaction","L","Value","WMN","Women","AVSCORE","Average score","0","Units",,,6.3,,
"KOR","Korea","SW_LIFS","Life satisfaction","L","Value","WMN","Women","AVSCORE","Average score","0","Units",,,6.2,,
"LUX","Luxembourg","SW_LIFS","Life satisfaction","L","Value","WMN","Women","AVSCORE","Average score","0","Units",,,7.4,,
"MEX","Mexico","SW_LIFS","Life satisfaction","L","Value","WMN","Women","AVSCORE","Average score","0","Units",,,5.6,,
"NLD","Netherlands","SW_LIFS","Life satisfaction","L","Value","WMN","Women","AVSCORE","Average score","0","Units",,,7.4,,
"NZL","New Zealand","SW_LIFS","Life satisfaction","L","Value","WMN","Women","AVSCORE","Average score","0","Units",,,7.4,,
"NOR","Norway","SW_LIFS","Life satisfaction","L","Value","WMN","Women","AVSCORE","Average score","0","Units",,,7.3,,
"POL","Poland","SW_LIFS","Life satisfaction","L","Value","WMN","Women","AVSCORE","Average score","0","Units",,,6,,
"PRT","Portugal","SW_LIFS","Life satisfaction","L","Value","WMN","Women","AVSCORE","Average score","0","Units",,,5.6,,
"SVK","Slovak Republic","SW_LIFS","Life satisfaction","L","Value","WMN","Women","AVSCORE","Average score","0","Units",,,6.6,,
"ESP","Spain","SW_LIFS","Life satisfaction","L","Value","WMN","Women","AVSCORE","Average score","0","Units",,,6.6,,
"SWE","Sweden","SW_LIFS","Life satisfaction","L","Value","WMN","Women","AVSCORE","Average score","0","Units",,,7.3,,
"CHE","Switzerland","SW_LIFS","Life satisfaction","L","Value","WMN","Women","AVSCORE","Average score","0","Units",,,7.5,,
"TUR","Türkiye","SW_LIFS","Life satisfaction","L","Value","WMN","Women","AVSCORE","Average score","0","Units",,,5.4,,
"GBR","United Kingdom","SW_LIFS","Life satisfaction","L","Value","WMN","Women","AVSCORE","Average score","0","Units",,,6.9,,
"USA","United States","SW_LIFS","Life satisfaction","L","Value","WMN","Women","AVSCORE","Average score","0","Units",,,7.1,,
"BRA","Brazil","SW_LIFS","Life satisfaction","L","Value","WMN","Women","AVSCORE","Average score","0","Units",,,6,,
"CHL","Chile","SW_LIFS","Life satisfaction","L","Value","WMN","Women","AVSCORE","Average score","0","Units",,,6.1,,
"EST","Estonia","SW_LIFS","Life satisfaction","L","Value","WMN","Women","AVSCORE","Average score","0","Units",,,6.6,,
"ISR","Israel","SW_LIFS","Life satisfaction","L","Value","WMN","Women","AVSCORE","Average score","0","Units",,,7.2,,
"LVA","Latvia","SW_LIFS","Life satisfaction","L","Value","WMN","Women","AVSCORE","Average score","0","Units",,,6.2,,
"RUS","Russia","SW_LIFS","Life satisfaction","L","Value","WMN","Women","AVSCORE","Average score","0","Units",,,5.6,,
"SVN","Slovenia","SW_LIFS","Life satisfaction","L","Value","WMN","Women","AVSCORE","Average score","0","Units",,,6.4,,
"ZAF","South Africa","SW_LIFS","Life satisfaction","L","Value","WMN","Women","AVSCORE","Average score","0","Units",,,5,,
"OECD","OECD - Total","SW_LIFS","Life satisfaction","L","Value","WMN","Women","AVSCORE","Average score","0","Units",,,6.7,,
"AUS","Australia","PS_REPH","Homicide rate","L","Value","WMN","Women","RATIO","Ratio","0","Units",,,0.6,,
"AUT","Austria","PS_REPH","Homicide rate","L","Value","WMN","Women","RATIO","Ratio","0","Units",,,0.5,,
"BEL","Belgium","PS_REPH","Homicide rate","L","Value","WMN","Women","RATIO","Ratio","0","Units",,,0.8,,
"CAN","Canada","PS_REPH","Homicide rate","L","Value","WMN","Women","RATIO","Ratio","0","Units",,,0.7,,
"CZE","Czech Republic","PS_REPH","Homicide rate","L","Value","WMN","Women","RATIO","Ratio","0","Units",,,0.6,,
"DNK","Denmark","PS_REPH","Homicide rate","L","Value","WMN","Women","RATIO","Ratio","0","Units",,,0.4,,
"FIN","Finland","PS_REPH","Homicide rate","L","Value","WMN","Women","RATIO","Ratio","0","Units",,,0.7,,
"FRA","France","PS_REPH","Homicide rate","L","Value","WMN","Women","RATIO","Ratio","0","Units",,,0.3,,
"DEU","Germany","PS_REPH","Homicide rate","L","Value","WMN","Women","RATIO","Ratio","0","Units",,,0.3,,
"GRC","Greece","PS_REPH","Homicide rate","L","Value","WMN","Women","RATIO","Ratio","0","Units",,,0.4,,
"HUN","Hungary","PS_REPH","Homicide rate","L","Value","WMN","Women","RATIO","Ratio","0","Units",,,0.7,,
"ISL","Iceland","PS_REPH","Homicide rate","L","Value","WMN","Women","RATIO","Ratio","0","Units",,,1.2,,
"IRL","Ireland","PS_REPH","Homicide rate","L","Value","WMN","Women","RATIO","Ratio","0","Units",,,0.1,,
"ITA","Italy","PS_REPH","Homicide rate","L","Value","WMN","Women","RATIO","Ratio","0","Units",,,0.3,,
"JPN","Japan","PS_REPH","Homicide rate","L","Value","WMN","Women","RATIO","Ratio","0","Units",,,0.2,,
"KOR","Korea","PS_REPH","Homicide rate","L","Value","WMN","Women","RATIO","Ratio","0","Units",,,0.7,,
"LUX","Luxembourg","PS_REPH","Homicide rate","L","Value","WMN","Women","RATIO","Ratio","0","Units",,,0.2,,
"MEX","Mexico","PS_REPH","Homicide rate","L","Value","WMN","Women","RATIO","Ratio","0","Units",,,5.5,,
"NLD","Netherlands","PS_REPH","Homicide rate","L","Value","WMN","Women","RATIO","Ratio","0","Units",,,0.4,,
"NZL","New Zealand","PS_REPH","Homicide rate","L","Value","WMN","Women","RATIO","Ratio","0","Units",,,1,,
"NOR","Norway","PS_REPH","Homicide rate","L","Value","WMN","Women","RATIO","Ratio","0","Units",,,0.5,,
"POL","Poland","PS_REPH","Homicide rate","L","Value","WMN","Women","RATIO","Ratio","0","Units",,,0.3,,
"PRT","Portugal","PS_REPH","Homicide rate","L","Value","WMN","Women","RATIO","Ratio","0","Units",,,0.4,,
"SVK","Slovak Republic","PS_REPH","Homicide rate","L","Value","WMN","Women","RATIO","Ratio","0","Units",,,0.6,,
"ESP","Spain","PS_REPH","Homicide rate","L","Value","WMN","Women","RATIO","Ratio","0","Units",,,0.5,,
"SWE","Sweden","PS_REPH","Homicide rate","L","Value","WMN","Women","RATIO","Ratio","0","Units",,,0.5,,
"CHE","Switzerland","PS_REPH","Homicide rate","L","Value","WMN","Women","RATIO","Ratio","0","Units",,,0.3,,
"TUR","Türkiye","PS_REPH","Homicide rate","L","Value","WMN","Women","RATIO","Ratio","0","Units",,,0.5,,
"GBR","United Kingdom","PS_REPH","Homicide rate","L","Value","WMN","Women","RATIO","Ratio","0","Units",,,0.1,,
"USA","United States","PS_REPH","Homicide rate","L","Value","WMN","Women","RATIO","Ratio","0","Units",,,2.5,,
"BRA","Brazil","PS_REPH","Homicide rate","L","Value","WMN","Women","RATIO","Ratio","0","Units",,,3.3,,
"CHL","Chile","PS_REPH","Homicide rate","L","Value","WMN","Women","RATIO","Ratio","0","Units",,,0.7,,
"EST","Estonia","PS_REPH","Homicide rate","L","Value","WMN","Women","RATIO","Ratio","0","Units",,,0.6,,
"ISR","Israel","PS_REPH","Homicide rate","L","Value","WMN","Women","RATIO","Ratio","0","Units",,,0.7,,
"LVA","Latvia","PS_REPH","Homicide rate","L","Value","WMN","Women","RATIO","Ratio","0","Units",,,1.9,,
"RUS","Russia","PS_REPH","Homicide rate","L","Value","WMN","Women","RATIO","Ratio","0","Units",,,2.2,,
"SVN","Slovenia","PS_REPH","Homicide rate","L","Value","WMN","Women","RATIO","Ratio","0","Units",,,0.3,,
"ZAF","South Africa","PS_REPH","Homicide rate","L","Value","WMN","Women","RATIO","Ratio","0","Units",,,3.6,,
"OECD","OECD - Total","PS_REPH","Homicide rate","L","Value","WMN","Women","RATIO","Ratio","0","Units",,,0.9,,
"AUS","Australia","WL_EWLH","Employees working very long hours","L","Value","WMN","Women","PC","Percentage","0","Units",,,6.1,,
"AUT","Austria","WL_EWLH","Employees working very long hours","L","Value","WMN","Women","PC","Percentage","0","Units",,,2.4,,
"BEL","Belgium","WL_EWLH","Employees working very long hours","L","Value","WMN","Women","PC","Percentage","0","Units",,,2.6,,
"CAN","Canada","WL_EWLH","Employees working very long hours","L","Value","WMN","Women","PC","Percentage","0","Units",,,1.2,,
"CZE","Czech Republic","WL_EWLH","Employees working very long hours","L","Value","WMN","Women","PC","Percentage","0","Units",,,2,,
"DNK","Denmark","WL_EWLH","Employees working very long hours","L","Value","WMN","Women","PC","Percentage","0","Units",,,0.1,,
"FIN","Finland","WL_EWLH","Employees working very long hours","L","Value","WMN","Women","PC","Percentage","0","Units",,,2.1,,
"FRA","France","WL_EWLH","Employees working very long hours","L","Value","WMN","Women","PC","Percentage","0","Units",,,5.2,,
"DEU","Germany","WL_EWLH","Employees working very long hours","L","Value","WMN","Women","PC","Percentage","0","Units",,,1.8,,
"GRC","Greece","WL_EWLH","Employees working very long hours","L","Value","WMN","Women","PC","Percentage","0","Units",,,2.5,,
"HUN","Hungary","WL_EWLH","Employees working very long hours","L","Value","WMN","Women","PC","Percentage","0","Units",,,0.9,,
"ISL","Iceland","WL_EWLH","Employees working very long hours","L","Value","WMN","Women","PC","Percentage","0","Units",,,5,,
"IRL","Ireland","WL_EWLH","Employees working very long hours","L","Value","WMN","Women","PC","Percentage","0","Units",,,1.7,,
"ITA","Italy","WL_EWLH","Employees working very long hours","L","Value","WMN","Women","PC","Percentage","0","Units",,,2.2,,
"LUX","Luxembourg","WL_EWLH","Employees working very long hours","L","Value","WMN","Women","PC","Percentage","0","Units",,,2,,
"MEX","Mexico","WL_EWLH","Employees working very long hours","L","Value","WMN","Women","PC","Percentage","0","Units",,,17.4,,
"NLD","Netherlands","WL_EWLH","Employees working very long hours","L","Value","WMN","Women","PC","Percentage","0","Units",,,0.1,,
"NZL","New Zealand","WL_EWLH","Employees working very long hours","L","Value","WMN","Women","PC","Percentage","0","Units",,,8.6,,
"NOR","Norway","WL_EWLH","Employees working very long hours","L","Value","WMN","Women","PC","Percentage","0","Units",,,0.6,,
"POL","Poland","WL_EWLH","Employees working very long hours","L","Value","WMN","Women","PC","Percentage","0","Units",,,1.3,,
"PRT","Portugal","WL_EWLH","Employees working very long hours","L","Value","WMN","Women","PC","Percentage","0","Units",,,3.3,,
"SVK","Slovak Republic","WL_EWLH","Employees working very long hours","L","Value","WMN","Women","PC","Percentage","0","Units",,,2,,
"ESP","Spain","WL_EWLH","Employees working very long hours","L","Value","WMN","Women","PC","Percentage","0","Units",,,1.4,,
"SWE","Sweden","WL_EWLH","Employees working very long hours","L","Value","WMN","Women","PC","Percentage","0","Units",,,0.5,,
"CHE","Switzerland","WL_EWLH","Employees working very long hours","L","Value","WMN","Women","PC","Percentage","0","Units",,,0.3,,
"TUR","Türkiye","WL_EWLH","Employees working very long hours","L","Value","WMN","Women","PC","Percentage","0","Units",,,20.1,,
"GBR","United Kingdom","WL_EWLH","Employees working very long hours","L","Value","WMN","Women","PC","Percentage","0","Units",,,6.3,,
"USA","United States","WL_EWLH","Employees working very long hours","L","Value","WMN","Women","PC","Percentage","0","Units",,,6.6,,
"BRA","Brazil","WL_EWLH","Employees working very long hours","L","Value","WMN","Women","PC","Percentage","0","Units",,,3.6,,
"CHL","Chile","WL_EWLH","Employees working very long hours","L","Value","WMN","Women","PC","Percentage","0","Units",,,5,,
"EST","Estonia","WL_EWLH","Employees working very long hours","L","Value","WMN","Women","PC","Percentage","0","Units",,,1.4,,
"ISR","Israel","WL_EWLH","Employees working very long hours","L","Value","WMN","Women","PC","Percentage","0","Units",,,6.8,,
"LVA","Latvia","WL_EWLH","Employees working very long hours","L","Value","WMN","Women","PC","Percentage","0","Units",,,1,,
"RUS","Russia","WL_EWLH","Employees working very long hours","L","Value","WMN","Women","PC","Percentage","0","Units",,,0.1,,
"SVN","Slovenia","WL_EWLH","Employees working very long hours","L","Value","WMN","Women","PC","Percentage","0","Units",,,2.9,,
"ZAF","South Africa","WL_EWLH","Employees working very long hours","L","Value","WMN","Women","PC","Percentage","0","Units",,,10.4,,
"OECD","OECD - Total","WL_EWLH","Employees working very long hours","L","Value","WMN","Women","PC","Percentage","0","Units",,,6,,
"AUS","Australia","WL_TNOW","Time devoted to leisure and personal care","L","Value","WMN","Women","HOUR","Hours","0","Units",,,13.65,,
"AUT","Austria","WL_TNOW","Time devoted to leisure and personal care","L","Value","WMN","Women","HOUR","Hours","0","Units",,,14.31,,
"BEL","Belgium","WL_TNOW","Time devoted to leisure and personal care","L","Value","WMN","Women","HOUR","Hours","0","Units",,,15.33,,
"CAN","Canada","WL_TNOW","Time devoted to leisure and personal care","L","Value","WMN","Women","HOUR","Hours","0","Units",,,14.47,,
"FIN","Finland","WL_TNOW","Time devoted to leisure and personal care","L","Value","WMN","Women","HOUR","Hours","0","Units",,,15.05,,
"FRA","France","WL_TNOW","Time devoted to leisure and personal care","L","Value","WMN","Women","HOUR","Hours","0","Units",,,15.92,,
"DEU","Germany","WL_TNOW","Time devoted to leisure and personal care","L","Value","WMN","Women","HOUR","Hours","0","Units",,,15.57,,
"GRC","Greece","WL_TNOW","Time devoted to leisure and personal care","L","Value","WMN","Women","HOUR","Hours","0","Units",,,14.78,,
"HUN","Hungary","WL_TNOW","Time devoted to leisure and personal care","L","Value","WMN","Women","HOUR","Hours","0","Units",,,14.55,,
"IRL","Ireland","WL_TNOW","Time devoted to leisure and personal care","L","Value","WMN","Women","HOUR","Hours","0","Units",,,14.41,,
"ITA","Italy","WL_TNOW","Time devoted to leisure and personal care","L","Value","WMN","Women","HOUR","Hours","0","Units",,,15.52,,
"JPN","Japan","WL_TNOW","Time devoted to leisure and personal care","L","Value","WMN","Women","HOUR","Hours","0","Units",,,14,,
"KOR","Korea","WL_TNOW","Time devoted to leisure and personal care","L","Value","WMN","Women","HOUR","Hours","0","Units",,,14.47,,
"NLD","Netherlands","WL_TNOW","Time devoted to leisure and personal care","L","Value","WMN","Women","HOUR","Hours","0","Units",,,15.67,,
"NZL","New Zealand","WL_TNOW","Time devoted to leisure and personal care","L","Value","WMN","Women","HOUR","Hours","0","Units",,,14.53,,
"NOR","Norway","WL_TNOW","Time devoted to leisure and personal care","L","Value","WMN","Women","HOUR","Hours","0","Units",,,16.39,,
"POL","Poland","WL_TNOW","Time devoted to leisure and personal care","L","Value","WMN","Women","HOUR","Hours","0","Units",,,14.33,,
"ESP","Spain","WL_TNOW","Time devoted to leisure and personal care","L","Value","WMN","Women","HOUR","Hours","0","Units",,,15.26,,
"TUR","Türkiye","WL_TNOW","Time devoted to leisure and personal care","L","Value","WMN","Women","HOUR","Hours","0","Units",,,14.07,,
"GBR","United Kingdom","WL_TNOW","Time devoted to leisure and personal care","L","Value","WMN","Women","HOUR","Hours","0","Units",,,14.88,,
"USA","United States","WL_TNOW","Time devoted to leisure and personal care","L","Value","WMN","Women","HOUR","Hours","0","Units",,,14.29,,
"EST","Estonia","WL_TNOW","Time devoted to leisure and personal care","L","Value","WMN","Women","HOUR","Hours","0","Units",,,14.55,,
"OECD","OECD - Total","WL_TNOW","Time devoted to leisure and personal care","L","Value","WMN","Women","HOUR","Hours","0","Units",,,14.84,,
"COL","Colombia","PS_FSAFEN","Feeling safe walking alone at night","L","Value","WMN","Women","PC","Percentage","0","Units",,,45,,
"LTU","Lithuania","PS_FSAFEN","Feeling safe walking alone at night","L","Value","WMN","Women","PC","Percentage","0","Units",,,56,,
"COL","Colombia","JE_EMPL","Employment rate","L","Value","WMN","Women","PC","Percentage","0","Units",,,45,,
"LTU","Lithuania","JE_EMPL","Employment rate","L","Value","WMN","Women","PC","Percentage","0","Units",,,71,,
"COL","Colombia","JE_LTUR","Long-term unemployment rate","L","Value","WMN","Women","PC","Percentage","0","Units",,,1.6,,
"LTU","Lithuania","JE_LTUR","Long-term unemployment rate","L","Value","WMN","Women","PC","Percentage","0","Units",,,2.4,,
"COL","Colombia","SC_SNTWS","Quality of support network","L","Value","WMN","Women","PC","Percentage","0","Units",,,83,,
"LTU","Lithuania","SC_SNTWS","Quality of support network","L","Value","WMN","Women","PC","Percentage","0","Units",,,88,,
"COL","Colombia","ES_EDUA","Educational attainment","L","Value","WMN","Women","PC","Percentage","0","Units",,,61,,
"LTU","Lithuania","ES_EDUA","Educational attainment","L","Value","WMN","Women","PC","Percentage","0","Units",,,96,,
"COL","Colombia","ES_STCS","Student skills","L","Value","WMN","Women","AVSCORE","Average score","0","Units",,,402,,
"LTU","Lithuania","ES_STCS","Student skills","L","Value","WMN","Women","AVSCORE","Average score","0","Units",,,488,,
"COL","Colombia","ES_EDUEX","Years in education","L","Value","WMN","Women","YR","Years","0","Units",,,14,,
"LTU","Lithuania","ES_EDUEX","Years in education","L","Value","WMN","Women","YR","Years","0","Units",,,19,,
"COL","Colombia","EQ_WATER","Water quality","L","Value","WMN","Women","PC","Percentage","0","Units",,,83,,
"LTU","Lithuania","EQ_WATER","Water quality","L","Value","WMN","Women","PC","Percentage","0","Units",,,81,,
"COL","Colombia","HS_LEB","Life expectancy","L","Value","WMN","Women","YR","Years","0","Units",,,79.9,,
"LTU","Lithuania","HS_LEB","Life expectancy","L","Value","WMN","Women","YR","Years","0","Units",,,81.2,,
"COL","Colombia","HS_SFRH","Self-reported health","L","Value","WMN","Women","PC","Percentage","0","Units",,,78,,
"LTU","Lithuania","HS_SFRH","Self-reported health","L","Value","WMN","Women","PC","Percentage","0","Units",,,42,,
"COL","Colombia","SW_LIFS","Life satisfaction","L","Value","WMN","Women","AVSCORE","Average score","0","Units",,,5.7,,
"LTU","Lithuania","SW_LIFS","Life satisfaction","L","Value","WMN","Women","AVSCORE","Average score","0","Units",,,6.2,,
"COL","Colombia","PS_REPH","Homicide rate","L","Value","WMN","Women","RATIO","Ratio","0","Units",,,4.1,,
"LTU","Lithuania","PS_REPH","Homicide rate","L","Value","WMN","Women","RATIO","Ratio","0","Units",,,1,,
"COL","Colombia","WL_EWLH","Employees working very long hours","L","Value","WMN","Women","PC","Percentage","0","Units",,,17.1,,
"LTU","Lithuania","WL_EWLH","Employees working very long hours","L","Value","WMN","Women","PC","Percentage","0","Units",,,0.8,,
"CRI","Costa Rica","PS_FSAFEN","Feeling safe walking alone at night","L","Value","WMN","Women","PC","Percentage","0","Units",,,36,,
"CRI","Costa Rica","JE_EMPL","Employment rate","L","Value","WMN","Women","PC","Percentage","0","Units",,,41,,
"CRI","Costa Rica","JE_LTUR","Long-term unemployment rate","L","Value","WMN","Women","PC","Percentage","0","Units",,,2.6,,
"CRI","Costa Rica","SC_SNTWS","Quality of support network","L","Value","WMN","Women","PC","Percentage","0","Units",,,85,,
"CRI","Costa Rica","ES_EDUA","Educational attainment","L","Value","WMN","Women","PC","Percentage","0","Units",,,44,,
"CRI","Costa Rica","ES_STCS","Student skills","L","Value","WMN","Women","AVSCORE","Average score","0","Units",,,413,,
"CRI","Costa Rica","EQ_WATER","Water quality","L","Value","WMN","Women","PC","Percentage","0","Units",,,85,,
"CRI","Costa Rica","HS_LEB","Life expectancy","L","Value","WMN","Women","YR","Years","0","Units",,,83,,
"CRI","Costa Rica","HS_SFRH","Self-reported health","L","Value","WMN","Women","PC","Percentage","0","Units",,,70,,
"CRI","Costa Rica","SW_LIFS","Life satisfaction","L","Value","WMN","Women","AVSCORE","Average score","0","Units",,,6.5,,
"CRI","Costa Rica","PS_REPH","Homicide rate","L","Value","WMN","Women","RATIO","Ratio","0","Units",,,1.8,,
"CRI","Costa Rica","WL_EWLH","Employees working very long hours","L","Value","WMN","Women","PC","Percentage","0","Units",,,12.7,,
